,degree_centrality,eigenvector_centrality,betweenness_centrality,clustering_coefficient
GENE_0,0.3333333333333333,0.3504008551315046,0.10158682668980887,0.7637261753059015
GENE_1,0.345679012345679,0.35546620827564734,0.11641742436604849,0.7174688057040998
GENE_2,0.24691358024691357,0.28341447841271133,0.051165749459248726,0.831447963800905
GENE_3,0.3333333333333333,0.31942108372375144,0.11164071411181267,0.511948315314945
GENE_4,0.32716049382716045,0.34136421821636564,0.0978470430041613,0.7320925467429352
GENE_5,0.3024691358024691,0.3033475016368048,0.09465149485441754,0.5718954248366013
GENE_6,0.3395061728395062,0.3395040844085692,0.1110251143129631,0.671255034000132
GENE_7,0.32098765432098764,0.3379869606941178,0.09641829135025028,0.7336305562949161
GENE_8,0.27777777777777773,0.28144005033432345,0.07213667266209524,0.691473559120618
GENE_9,0.3395061728395062,0.36451742504121926,0.10723774709019315,0.7683039545784643
GENE_10,0.23456790123456792,0.24310808123192895,0.05124630556711762,0.5466767076674198
GENE_11,0.27777777777777773,0.2807354336393686,0.07643386127938949,0.7885224796989504
GENE_12,0.32098765432098764,0.33682874500243065,0.09443980119161209,0.6340017153165942
GENE_13,0.25925925925925924,0.2881906025904659,0.05978504533454308,0.7950741272118603
GENE_14,0.27777777777777773,0.3013513215030549,0.06781112686246354,0.7885224796989504
GENE_15,0.3333333333333333,0.3206936189390606,0.11146954394806749,0.5706964826461682
GENE_16,0.345679012345679,0.3547484351016134,0.11280947822264208,0.6706773618538324
GENE_17,0.32098765432098764,0.3146211412056935,0.10120560216425191,0.5977730458699316
GENE_18,0.37654320987654316,0.4027766824404761,0.12708486441802738,0.6562734383370834
GENE_19,0.35802469135802467,0.3925108884515689,0.11448245877926116,0.6538913205935731
GENE_20,0.27777777777777773,0.28551998581240595,0.07198084386627938,0.6065557536145771
GENE_21,0.3148148148148148,0.3386410059758267,0.08572474632512773,0.7535563244905805
GENE_22,0.27777777777777773,0.29377882398729815,0.07177573526156758,0.7036046741929095
GENE_23,0.2716049382716049,0.27462132955838686,0.06745259624888453,0.7744165319404717
GENE_24,0.3148148148148148,0.3289368989829225,0.0924581861985815,0.6122645136485967
GENE_25,0.3395061728395062,0.34270084270530415,0.10715612622181102,0.5499438832772167
GENE_26,0.32098765432098764,0.3344444865447251,0.09782009220475459,0.7064590542099193
GENE_27,0.29012345679012347,0.3310414336417106,0.07425292490663464,0.7221436215559305
GENE_28,0.2716049382716049,0.29597308258275573,0.06828394132217386,0.723635120009949
GENE_29,0.29012345679012347,0.30284067373596213,0.08051316920674786,0.7554733271662042
GENE_30,0.23456790123456792,0.24136328778101973,0.051124516062239805,0.5979276490112403
GENE_31,0.3148148148148148,0.328248308664877,0.09592182209609522,0.7064590542099193
GENE_32,0.2037037037037037,0.19500865457321062,0.0431143382776954,0.5686460190136661
GENE_33,0.4012345679012346,0.4220780752510351,0.1470018167791114,0.7275169683257918
GENE_34,0.29012345679012347,0.3069083379974155,0.0778650420183986,0.6221545047251092
GENE_35,0.30864197530864196,0.32150332548971,0.08636124014084483,0.6568627450980392
GENE_36,0.3024691358024691,0.3075846095820855,0.08784487817997175,0.6433823529411764
GENE_37,0.25925925925925924,0.2524601059337858,0.06700994768558131,0.6695361071257772
GENE_38,0.2962962962962963,0.31624095076896025,0.0807742604493099,0.6814073146989292
GENE_39,0.36419753086419754,0.38376033869719395,0.1224305906674549,0.6738405473235466
GENE_40,0.32098765432098764,0.32401821437164396,0.09710454641505716,0.6702303847632568
GENE_41,0.3024691358024691,0.3147163001967418,0.08750748847746526,0.7046568627450981
GENE_42,0.37037037037037035,0.38181145546362055,0.1273947690265044,0.7463719951257339
GENE_43,0.27777777777777773,0.2717930988400102,0.07424134719049855,0.5459001782531194
GENE_44,0.2839506172839506,0.28477321578556003,0.07410388552322893,0.7890499194847022
GENE_45,0.2839506172839506,0.28723185434083964,0.07489689965826586,0.6962205171923842
GENE_46,0.2839506172839506,0.3090494645081006,0.07181060120719386,0.7658425689116226
GENE_47,0.25925925925925924,0.2707694804331089,0.07115993170619148,0.809022796110314
GENE_48,0.32716049382716045,0.3742728108270284,0.09262615360115778,0.8192464213551894
GENE_49,0.345679012345679,0.34710562262610156,0.11541569434764232,0.5770944741532977
GENE_50,0.23456790123456792,0.2519094041147639,0.05200057389206995,0.7858477672719159
GENE_51,0.24074074074074073,0.2331480255366805,0.056369776937105195,0.5510571300044985
GENE_52,0.9074074074074073,0.879564484092734,0.8449165152609814,0.5696570865789238
GENE_53,0.36419753086419754,0.387867666496823,0.12164398881060175,0.6598022025876394
GENE_54,0.22839506172839505,0.24183324113083016,0.047419575810303885,0.46885120414532183
GENE_55,0.2962962962962963,0.3113653223341026,0.08097080900878631,0.7239952718676123
GENE_56,0.32716049382716045,0.34925559048318966,0.09798790607810504,0.8366771962776401
GENE_57,0.32716049382716045,0.3299776340737619,0.10045541886323983,0.6972309968980336
GENE_58,0.3024691358024691,0.32146323775986124,0.08490714636987748,0.7352941176470588
GENE_59,0.8518518518518517,0.8438443284057178,0.7283186302708544,0.5806072561257657
GENE_60,0.3518518518518518,0.4060151314240202,0.10396082056390253,0.7976436188510492
GENE_61,0.3148148148148148,0.35359701395756155,0.08823442351030777,0.7252979623221838
GENE_62,0.2716049382716049,0.2671690695208478,0.0724907287094096,0.5459001782531194
GENE_63,0.25925925925925924,0.26381634786128966,0.06330065946264739,0.6555874382273235
GENE_64,0.37037037037037035,0.38509725868938777,0.1278499387069644,0.6174531959676526
GENE_65,0.30864197530864196,0.30805631470786304,0.08938111037490104,0.7352941176470588
GENE_66,0.2222222222222222,0.22612910324299645,0.048133113781492674,0.5147058823529412
GENE_67,0.32098765432098764,0.33717635003459623,0.0954632055754823,0.6974018868482537
GENE_68,0.29012345679012347,0.30250325795399985,0.07884653615736378,0.7443634252961129
GENE_69,0.24074074074074073,0.24758021646266323,0.05830868380007258,0.6645100685348364
GENE_70,0.35802469135802467,0.3772994179928734,0.11542720248746956,0.7556077482414624
GENE_71,0.2654320987654321,0.27008327076227717,0.07032361556317124,0.6782945736434108
GENE_72,0.8333333333333334,0.8022880513372624,0.7200861066566636,0.5789137103155247
GENE_73,0.2037037037037037,0.2179600493925774,0.03892371532857839,0.7278669043374926
GENE_74,0.3395061728395062,0.357436245813046,0.11045263803389757,0.7197794942892982
GENE_75,0.345679012345679,0.35932402423433313,0.11515611578618391,0.6160873440285205
GENE_76,0.2962962962962963,0.3008277346425246,0.08569289643596979,0.5429964539007093
GENE_77,0.32716049382716045,0.35995882235257076,0.09209527990652655,0.8715387461225419
GENE_78,0.27777777777777773,0.28028995045915045,0.06840808019373629,0.4609823727470786
GENE_79,0.3333333333333333,0.34258821593167876,0.109020525747095,0.6630150313095189
GENE_80,0.2962962962962963,0.3009704943731288,0.08094976652194785,0.6601133361145877
GENE_81,0.2962962962962963,0.31794281530985985,0.08018794143867317,0.8091711862049784
GENE_82,0.3333333333333333,0.34652814920584113,0.10761963416532808,0.5958742686452638
GENE_83,0.22839506172839505,0.2429117419794968,0.046220171989997616,0.6311458517340871
GENE_84,0.29012345679012347,0.3169072180479699,0.07181861718248006,0.7443634252961129
GENE_85,0.46296296296296297,0.48576587197843574,0.20206036560672788,0.7011128775834659
GENE_86,0.29012345679012347,0.3147962161156917,0.07311108591925297,0.7332535234260217
GENE_87,0.27777777777777773,0.30105004954842646,0.06955701204434281,0.7157357892652011
GENE_88,0.2654320987654321,0.2861628219062512,0.06154253576232955,0.7048943608451133
GENE_89,0.36419753086419754,0.38820305801707905,0.11750273414900397,0.7440322710030828
GENE_90,0.3518518518518518,0.3811845150592487,0.11511685661868039,0.6546697626418988
GENE_91,0.32098765432098764,0.344873071933889,0.08962467735581248,0.8151450625499068
GENE_92,0.3518518518518518,0.37262687035902137,0.11426790413696852,0.70734434124527
GENE_93,0.3518518518518518,0.3677380642313728,0.11194225050040861,0.5869453044375644
GENE_94,0.3148148148148148,0.33542425428489364,0.09135229543198098,0.6122645136485967
GENE_95,0.8580246913580246,0.805916510819844,0.7846911716280937,0.48835611817451413
GENE_96,0.2654320987654321,0.27600613699430576,0.06305161532982251,0.6649946800425597
GENE_97,0.3518518518518518,0.3563338946740656,0.11911232444182328,0.6697196422428621
GENE_98,0.32098765432098764,0.32032461400903833,0.09774843284701902,0.7517448910182474
GENE_99,0.25925925925925924,0.2537167810167749,0.0654275728825175,0.5718954248366013
GENE_100,0.2962962962962963,0.3392084789690497,0.0742312216284822,0.7559362397441245
GENE_101,0.2654320987654321,0.25973269031366786,0.069032992838033,0.545295637634899
GENE_102,0.3395061728395062,0.35000461945175254,0.10947370190275287,0.7197794942892982
GENE_103,0.2716049382716049,0.3032469569508777,0.06772316640201959,0.6982444140446876
GENE_104,0.29012345679012347,0.2828727468090304,0.08464618032631147,0.6443743084652918
GENE_105,0.2839506172839506,0.3015237730717963,0.07239045365939506,0.8122572700577815
GENE_106,0.3518518518518518,0.3756179843730305,0.11033445470713814,0.6772445820433436
GENE_107,0.3024691358024691,0.31765703382656485,0.08598331711810732,0.7046568627450981
GENE_108,0.32098765432098764,0.3350931304731601,0.09962303340622312,0.6702303847632568
GENE_109,0.30864197530864196,0.3042537692370216,0.0914698960243479,0.7254901960784315
GENE_110,0.2530864197530864,0.281185804277245,0.0541254983099109,0.7030129124820661
GENE_111,0.3024691358024691,0.3407534514566944,0.08207377107513777,0.7455065359477124
GENE_112,0.2654320987654321,0.27984110278204427,0.06318655239527071,0.7181942544459645
GENE_113,0.2530864197530864,0.26791695289159717,0.05802695619057322,0.7176590148254424
GENE_114,0.2839506172839506,0.2920976754758612,0.07838249935498923,0.6614094913327649
GENE_115,0.3395061728395062,0.3505107248714954,0.11141711269930206,0.5418564732290223
GENE_116,0.2716049382716049,0.27231535766727766,0.06629701058461157,0.6982444140446876
GENE_117,0.25925925925925924,0.2616758260041305,0.06361545453939607,0.6276901004304161
GENE_118,0.30864197530864196,0.31411858254383207,0.09017875154210392,0.6470588235294118
GENE_119,0.23456790123456792,0.23189825616317283,0.053402608799253716,0.6662622374696678
GENE_120,0.27777777777777773,0.30529046256999864,0.07122009867495475,0.7521291344820756
GENE_121,0.2716049382716049,0.29869958400399604,0.06407383003410015,0.723635120009949
GENE_122,0.29012345679012347,0.3168161462389864,0.0777089016342232,0.6777040140755655
GENE_123,0.2716049382716049,0.2852601544799935,0.06526419273747248,0.8505886498362558
GENE_124,0.2654320987654321,0.26894077239588515,0.06619078024607888,0.5851953184374525
GENE_125,0.2654320987654321,0.2878257381545655,0.06421971989486223,0.7846937224502203
GENE_126,0.35802469135802467,0.3643849502685796,0.11943944468767599,0.7410768300060496
GENE_127,0.2654320987654321,0.27189993221694536,0.0664586449544291,0.7048943608451133
GENE_128,0.27777777777777773,0.2972948726329297,0.07004591137215216,0.7036046741929095
GENE_129,0.2962962962962963,0.31509699388058177,0.07987529225507163,0.6601133361145877
GENE_130,0.22839506172839505,0.22895419209487594,0.04977004231142253,0.649178590355061
GENE_131,0.32716049382716045,0.34878725439063313,0.09855353036664728,0.7582387091266114
GENE_132,0.3148148148148148,0.3370963860277188,0.09234373069014051,0.5274894271434064
GENE_133,0.37654320987654316,0.39266048504504814,0.13484013018136093,0.6562734383370834
GENE_134,0.2530864197530864,0.28547366061222856,0.05662385254049481,0.6004901960784315
GENE_135,0.4074074074074074,0.41546858930029795,0.16168336763842367,0.5822935234699941
GENE_136,0.30864197530864196,0.3198072929068957,0.09007601266726704,0.6372549019607843
GENE_137,0.30864197530864196,0.32653270834819026,0.09055169981386745,0.6470588235294118
GENE_138,0.2839506172839506,0.29619008983549705,0.0772975377775581,0.6265984654731458
GENE_139,0.23456790123456792,0.23674736213359396,0.05383035418112574,0.8029314143865227
GENE_140,0.2962962962962963,0.30892695439077306,0.08224381732205824,0.7452892504519538
GENE_141,0.345679012345679,0.3715634759448412,0.10860987337585129,0.7720588235294117
GENE_142,0.3518518518518518,0.3639564116631299,0.11237201072157227,0.7299191606467148
GENE_143,0.25925925925925924,0.25743025667778946,0.06733496539192543,0.7811254583134067
GENE_144,0.3148148148148148,0.33527844053452016,0.08713122211716974,0.7158785082660515
GENE_145,0.3148148148148148,0.3480569483748415,0.08616322616823299,0.8289119569396386
GENE_146,0.25925925925925924,0.27004768994353395,0.06513394184536943,0.585844093735055
GENE_147,0.24074074074074073,0.23942506323160506,0.053336968331402154,0.615887380593263
GENE_148,0.27777777777777773,0.30458867572323517,0.07063314404477997,0.6793424440483264
GENE_149,0.25925925925925924,0.29633374971355364,0.056716104291021904,0.725330782719592
GENE_150,0.32098765432098764,0.35837929904120847,0.09309612905432152,0.8242022299115725
GENE_151,0.3024691358024691,0.3085971458454989,0.08900087559942459,0.5821078431372548
GENE_152,0.3333333333333333,0.33341458755227454,0.10487805328637587,0.7049780079746784
GENE_153,0.30864197530864196,0.3424419483618975,0.08274516572753127,0.7941176470588236
GENE_154,0.29012345679012347,0.2879962509457038,0.08479299856107465,0.6443743084652918
GENE_155,0.32716049382716045,0.34660325433955497,0.09811157493403397,0.644938672130681
GENE_156,0.345679012345679,0.38020856566452993,0.10785647947829916,0.6628787878787878
GENE_157,0.3024691358024691,0.3222760000219008,0.07910455230878868,0.7659313725490197
GENE_158,0.36419753086419754,0.37011340669655973,0.126450042555501,0.6176871683799178
GENE_159,0.27777777777777773,0.28714445187941096,0.0695604480231936,0.7278669043374926
GENE_160,0.3333333333333333,0.33630303500259723,0.10841086167027417,0.6210520546443594
GENE_161,0.3333333333333333,0.3740617389579636,0.10178884076706134,0.7469409846398377
GENE_162,0.27777777777777773,0.29085367955597163,0.07048248631340415,0.7036046741929095
GENE_163,0.2530864197530864,0.2402094718049093,0.06554761323787155,0.4393830703012912
GENE_164,0.30864197530864196,0.3248916226727465,0.08776898239517743,0.7058823529411764
GENE_165,0.32098765432098764,0.34501494117324943,0.08991784215462367,0.9419454056132257
GENE_166,0.27777777777777773,0.28315640373894596,0.07400138121177303,0.6429490988314518
GENE_167,0.3024691358024691,0.3109957248398232,0.08781218392261805,0.7046568627450981
GENE_168,0.38271604938271603,0.3667195522200162,0.15096432067595558,0.5461888615837662
GENE_169,0.32716049382716045,0.3537610420181412,0.0947556728750494,0.7320925467429352
GENE_170,0.3148148148148148,0.3716111180552866,0.0844580397435236,0.7912341407151097
GENE_171,0.25925925925925924,0.2509285198356676,0.06642678534026707,0.767176789414953
GENE_172,0.35802469135802467,0.3839859810231008,0.12162879761114323,0.6829531570643986
GENE_173,0.3395061728395062,0.356215528705348,0.10816956264723253,0.5742061134217997
GENE_174,0.25925925925925924,0.2700573803319256,0.06081674011311912,0.6555874382273235
GENE_175,0.3518518518518518,0.37715990912250236,0.10935742455244704,0.7976436188510492
GENE_176,0.32098765432098764,0.36598207153754786,0.09203177319015511,0.7517448910182474
GENE_177,0.24074074074074073,0.2285582593682274,0.06014218883697629,0.6483025058876453
GENE_178,0.3333333333333333,0.3603272367570036,0.10044380879772982,0.7133706033077102
GENE_179,0.32098765432098764,0.3346660067723314,0.10052134903673868,0.615887380593263
GENE_180,0.32716049382716045,0.3300764862639137,0.10808762873905929,0.5316386351347506
GENE_181,0.2839506172839506,0.2763726183373813,0.0804235401275138,0.7078241924789239
GENE_182,0.2839506172839506,0.2965687950235255,0.07720603782745368,0.7310315430520035
GENE_183,0.32098765432098764,0.324060281471462,0.0993548479345497,0.6883447194865879
GENE_184,0.3333333333333333,0.32685395183025934,0.11114293853687848,0.5790890779792001
GENE_185,0.25925925925925924,0.2565501515544901,0.06332703459449227,0.48820341144587914
GENE_186,0.2716049382716049,0.2856171260091808,0.06766015061233792,0.6982444140446876
GENE_187,0.2839506172839506,0.3102138614165567,0.07254801664340674,0.7890499194847022
GENE_188,0.2962962962962963,0.31307061221542637,0.08101190487775518,0.6068783896537338
GENE_189,0.3395061728395062,0.35674732888136423,0.1118093354189595,0.6389053938073546
GENE_190,0.29012345679012347,0.3168550456159092,0.07641875554961233,0.8110228365166603
GENE_191,0.345679012345679,0.3530509328444306,0.11243079595896359,0.553698752228164
GENE_192,0.3395061728395062,0.3586045233691112,0.10538083950244118,0.5742061134217997
GENE_193,0.30864197530864196,0.3167920065408956,0.08988575024799574,0.5882352941176471
GENE_194,0.30864197530864196,0.2975717807321165,0.09607458546137192,0.5392156862745098
GENE_195,0.3148148148148148,0.3300022899843795,0.08809380468408176,0.7629757785467127
GENE_196,0.2962962962962963,0.32172724019812976,0.07704927655439917,0.6601133361145877
GENE_197,0.3518518518518518,0.3509453655280579,0.12203806470953762,0.6095201238390092
GENE_198,0.2654320987654321,0.28852461860549355,0.06107192572348274,0.7979936160510717
GENE_199,0.2530864197530864,0.2863242722694792,0.05308066385404235,0.937350549976088
GENE_200,0.27777777777777773,0.2993073706373791,0.07268758405400255,0.7885224796989504
GENE_201,0.3024691358024691,0.29693316224772015,0.09311971495798879,0.633169934640523
GENE_202,0.3518518518518518,0.36019989760298843,0.11924648340415915,0.6170450636394909
GENE_203,0.27777777777777773,0.29089504429618346,0.07084816477742871,0.6672113289760349
GENE_204,0.8703703703703703,0.8630652097736081,0.76439874077191,0.6071825893477959
GENE_205,0.27777777777777773,0.2705138929040273,0.07432184439370748,0.7157357892652011
GENE_206,0.27777777777777773,0.27727148831750636,0.07467218158172713,0.6550802139037433
GENE_207,0.839506172839506,0.8206444674263494,0.7173002262014713,0.5808663334614892
GENE_208,0.3148148148148148,0.33503622154187096,0.08725349352175157,0.7252979623221838
GENE_209,0.30864197530864196,0.3334896568456932,0.08475290550102643,0.7450980392156863
GENE_210,0.32098765432098764,0.3568910173376183,0.09337375480090021,0.78797356046491
GENE_211,0.4074074074074074,0.41788281743615174,0.15589073540815496,0.6102884044060515
GENE_212,0.345679012345679,0.3641762142102668,0.11152017469447167,0.7018716577540107
GENE_213,0.25925925925925924,0.2803520393429135,0.06152429959142475,0.7113821138211383
GENE_214,0.3148148148148148,0.3174397352640519,0.09343713445468071,0.5934256055363322
GENE_215,0.29012345679012347,0.31288469766776644,0.07639296096025962,0.7888030327764778
GENE_216,0.2839506172839506,0.28705635504815263,0.07891015326841244,0.6149947901866061
GENE_217,0.3148148148148148,0.33067652911209067,0.09283432540993129,0.7347174163783161
GENE_218,0.3024691358024691,0.30512191776624914,0.08533079752940871,0.7046568627450981
GENE_219,0.25925925925925924,0.2557832269630194,0.06544182081503355,0.543998087039694
GENE_220,0.345679012345679,0.3729608846877926,0.10797964599164674,0.6706773618538324
GENE_221,0.3333333333333333,0.3309012743309378,0.10891699218999205,0.6378372453104233
GENE_222,0.2530864197530864,0.2627801917709989,0.060028873174114886,0.6883668101386896
GENE_223,0.345679012345679,0.37742856647620915,0.10698081660813166,0.7798573975044563
GENE_224,0.27777777777777773,0.28401038446300303,0.07124500195321018,0.6550802139037433
GENE_225,0.29012345679012347,0.3178944399705876,0.08045059625237663,0.6777040140755655
GENE_226,0.24074074074074073,0.242699131377217,0.05598951138406045,0.7293403191236009
GENE_227,0.35802469135802467,0.3640232496729863,0.12502379009154138,0.690218616182105
GENE_228,0.37037037037037035,0.3861551283226236,0.12984019474840514,0.6038827960562757
GENE_229,0.21604938271604937,0.24162447757580988,0.041442631611169733,0.8679354094579009
GENE_230,0.2716049382716049,0.2683931308150238,0.07278215590241555,0.6347676491315343
GENE_231,0.29012345679012347,0.32680750710855505,0.07728625165834577,0.8332426402568427
GENE_232,0.2716049382716049,0.2911473615385651,0.06613498286042417,0.6855490610620569
GENE_233,0.2839506172839506,0.3188685921121939,0.0695660113015906,0.88187932177702
GENE_234,0.37654320987654316,0.383227771821211,0.1329802397922234,0.636585235186971
GENE_235,0.29012345679012347,0.29427054551755955,0.07713279294148079,0.611044602855018
GENE_236,0.25925925925925924,0.2776507442648606,0.06089270320757801,0.7811254583134067
GENE_237,0.30864197530864196,0.31078079084421506,0.08923199532484288,0.6274509803921569
GENE_238,0.23456790123456792,0.24554999401202046,0.048862348300720164,0.649178590355061
GENE_239,0.25925925925925924,0.25682715181656823,0.06350660402884084,0.6137414315319625
GENE_240,0.345679012345679,0.35952083269472024,0.1108855328149714,0.80325311942959
GENE_241,0.32716049382716045,0.33964739820664025,0.09671271921713669,0.749523321665386
GENE_242,0.3024691358024691,0.3171635379161041,0.08430869844745593,0.7761437908496732
GENE_243,0.25925925925925924,0.27976941625958873,0.06327257636603424,0.7532281205164992
GENE_244,0.2839506172839506,0.2942214954399339,0.07596245008404293,0.6265984654731458
GENE_245,0.3024691358024691,0.34096389650017717,0.08727234032080367,0.7455065359477124
GENE_246,0.3395061728395062,0.35698209658432223,0.10471673389739335,0.6227305737109659
GENE_247,0.3333333333333333,0.3431597337798321,0.10289003309571845,0.5790890779792001
GENE_248,0.3395061728395062,0.3643011675528793,0.10511001227207793,0.7197794942892982
GENE_249,0.2716049382716049,0.2848955980011564,0.06761769233891664,0.7490258259752104
GENE_250,0.2839506172839506,0.2803178440011682,0.07654018125031115,0.8122572700577815
GENE_251,0.2716049382716049,0.29958152122690795,0.06696172256286045,0.647463002114165
GENE_252,0.3395061728395062,0.3407370989820544,0.11326540163487105,0.6065557536145771
GENE_253,0.29012345679012347,0.2906332344278338,0.08594574266760562,0.611044602855018
GENE_254,0.2962962962962963,0.32308894003612165,0.07800125950076635,0.6920543039911
GENE_255,0.2962962962962963,0.309306826727578,0.08375080175329748,0.5855844110693923
GENE_256,0.3395061728395062,0.36833040571710246,0.10839411321580068,0.7036046741929095
GENE_257,0.3395061728395062,0.3574673817518293,0.10573878498872176,0.671255034000132
GENE_258,0.2716049382716049,0.28747479879107574,0.07017546818611678,0.647463002114165
GENE_259,0.3395061728395062,0.3431447179117744,0.10926835038194868,0.6227305737109659
GENE_260,0.35802469135802467,0.38751492652659963,0.12169540694350449,0.7919350438299942
GENE_261,0.3148148148148148,0.3445981032002792,0.08706416285990036,0.8477508650519031
GENE_262,0.2037037037037037,0.20448161461434192,0.03864589694008881,0.4776626559714795
GENE_263,0.2839506172839506,0.28445964197294765,0.0758492062250447,0.6265984654731458
GENE_264,0.2716049382716049,0.27725032662237364,0.06927797016707317,0.7109397670273183
GENE_265,0.3148148148148148,0.32662685673243014,0.09599965955693304,0.6405228758169935
GENE_266,0.2962962962962963,0.33554899076840333,0.07710118276092755,0.6388193575302461
GENE_267,0.3148148148148148,0.32652109367233895,0.09402308916513098,0.7912341407151097
GENE_268,0.32098765432098764,0.33350452380285084,0.0943928098471808,0.5434300416999379
GENE_269,0.23456790123456792,0.2499186405112952,0.051754571758338294,0.632094943240454
GENE_270,0.3950617283950617,0.4129528093755301,0.14299768872810137,0.6731685729847495
GENE_271,1.0,1.0,1.0,0.6280719480492143
GENE_272,0.2716049382716049,0.28491676318891573,0.0670434740861135,0.647463002114165
GENE_273,0.25925925925925924,0.2843106556013723,0.06028432333194362,0.7392794516180456
GENE_274,0.3148148148148148,0.31932042924270865,0.09448091704786121,0.7064590542099193
GENE_275,0.37037037037037035,0.39004766094752746,0.12328251907648934,0.6717347956131605
GENE_276,0.345679012345679,0.3696511200537122,0.10780971163755727,0.7642602495543671
GENE_277,0.4012345679012346,0.41484257042898115,0.14962535044866435,0.7101951357466063
GENE_278,0.2716049382716049,0.2784327666027487,0.07343700006431038,0.6855490610620569
GENE_279,0.3148148148148148,0.31078677938764937,0.09687177563938305,0.6122645136485967
GENE_280,0.8950617283950617,0.8881184886780485,0.7929808555992391,0.5993398317181279
GENE_281,0.2654320987654321,0.26708656733099356,0.06808065127462401,0.6117951056391548
GENE_282,0.30864197530864196,0.3126571197993966,0.08582236678603015,0.7254901960784315
GENE_283,0.29012345679012347,0.33995227549381973,0.07054531060853815,0.7888030327764778
GENE_284,0.345679012345679,0.3416573995072213,0.11939762831260262,0.6550802139037433
GENE_285,0.3024691358024691,0.3163750091929067,0.09002759141062379,0.5106209150326797
GENE_286,0.30864197530864196,0.3289596113515047,0.0903579676022901,0.7352941176470588
GENE_287,0.3148148148148148,0.31926016012416414,0.09652815478370298,0.6687812379853902
GENE_288,0.23456790123456792,0.23377277225162707,0.0530457214116653,0.7345968259280953
GENE_289,0.38888888888888884,0.391958650992668,0.14565567014664899,0.5780448380068873
GENE_290,0.2654320987654321,0.2746266355516459,0.06373183464635573,0.8378932968536251
GENE_291,0.16666666666666666,0.18663109368258643,0.02396739550928689,0.5816714150047483
GENE_292,0.2716049382716049,0.2649701198622589,0.07243957159302132,0.5585955312357501
GENE_293,0.21604938271604937,0.21847436486701075,0.04586863238744127,0.6459054209919263
GENE_294,0.3024691358024691,0.31013168502379895,0.08644765177029376,0.6842320261437909
GENE_295,0.2716049382716049,0.2703687968684553,0.07062453564758715,0.723635120009949
GENE_296,0.29012345679012347,0.30142620951318255,0.08093232029981501,0.5777148972447443
GENE_297,0.2222222222222222,0.2492059469495499,0.04009774796543845,0.7625272331154683
GENE_298,0.2222222222222222,0.23786983605021655,0.04431812478709597,0.6862745098039216
GENE_299,0.2654320987654321,0.2691731435504414,0.06885114280530016,0.5984952120383037
GENE_300,0.3333333333333333,0.35481292066835196,0.10377912476351896,0.8056891519710611
GENE_301,0.30864197530864196,0.2919628771139797,0.09984129461539613,0.5196078431372548
GENE_302,0.2716049382716049,0.26781729490155437,0.06893512866628104,0.647463002114165
GENE_303,0.37654320987654316,0.38700201982329197,0.133172697314549,0.6234597664202294
GENE_304,0.3024691358024691,0.30519357887847665,0.0846686156447057,0.5514705882352942
GENE_305,0.2716049382716049,0.28111158982252565,0.07018937868632155,0.6601583550967955
GENE_306,0.25925925925925924,0.25008624475434715,0.0657169912700348,0.725330782719592
GENE_307,0.23456790123456792,0.24040144895787682,0.05012077760052556,0.649178590355061
GENE_308,0.2530864197530864,0.2865224535683376,0.05817089771552401,0.6004901960784315
GENE_309,0.2716049382716049,0.2966600677764301,0.06611022890016884,0.647463002114165
GENE_310,0.2098765432098765,0.23494075128876662,0.040968223882024514,0.6422355038271993
GENE_311,0.3024691358024691,0.32570229974044995,0.08118169289653707,0.755718954248366
GENE_312,0.30864197530864196,0.3253200717200229,0.08780710277229835,0.696078431372549
GENE_313,0.3024691358024691,0.31029666823457575,0.08654476110376404,0.6433823529411764
GENE_314,0.19753086419753085,0.20653484937939653,0.036112028002875156,0.726399430740038
GENE_315,0.3024691358024691,0.33365202131358523,0.08544373280531402,0.8169934640522877
GENE_316,0.29012345679012347,0.29019167785142563,0.08190829380723393,0.5777148972447443
GENE_317,0.3024691358024691,0.3208721933957259,0.08338555660026513,0.7046568627450981
GENE_318,0.2716049382716049,0.2814641454893567,0.07381315174399321,0.5332048252704887
GENE_319,0.4012345679012346,0.4351402105297441,0.14975279310851877,0.6178120286576169
GENE_320,0.27777777777777773,0.31071508609684517,0.06797097808853435,0.691473559120618
GENE_321,0.2962962962962963,0.3032978189417846,0.08377968847920282,0.7027012932832708
GENE_322,0.2530864197530864,0.24753956015188103,0.06190684874771661,0.7176590148254424
GENE_323,0.2530864197530864,0.2674328771426265,0.06129241763804969,0.8055356288857006
GENE_324,0.3518518518518518,0.358657704765105,0.12275812140278676,0.6697196422428621
GENE_325,0.2839506172839506,0.29114904885102616,0.07481242038692003,0.6382021407596855
GENE_326,0.2098765432098765,0.2163654870328461,0.04232149287351816,0.7064590542099193
GENE_327,0.29012345679012347,0.2896500388106263,0.07781007092585962,0.6665941122054742
GENE_328,0.2654320987654321,0.2791329426198571,0.05930795279210945,0.6649946800425597
GENE_329,0.2962962962962963,0.3110013053775466,0.08521762580630622,0.7027012932832708
GENE_330,0.2222222222222222,0.22827930679884587,0.04336051478301049,0.8387799564270153
GENE_331,0.2962962962962963,0.29598227919562614,0.0881870388248897,0.6175253789459045
GENE_332,0.32098765432098764,0.3557698678569118,0.09015788130241334,0.9691169076982227
GENE_333,0.35802469135802467,0.36251678536780724,0.12156707717970744,0.6466258614758669
GENE_334,0.3148148148148148,0.35731766572265217,0.08796179796232481,0.810073048827374
GENE_335,0.2716049382716049,0.2942910861077876,0.06706577118610815,0.7109397670273183
GENE_336,0.3148148148148148,0.3181152699399845,0.09234494091437902,0.5180699730872741
GENE_337,0.36419753086419754,0.3838058032475016,0.12458920696281217,0.6808597196915002
GENE_338,0.345679012345679,0.36828682097999993,0.10672474535294835,0.6862745098039216
GENE_339,0.29012345679012347,0.3320379312274058,0.07209286024863504,0.888792149607299
GENE_340,0.22839506172839505,0.2430164911488942,0.04471582278795797,0.6852440675970087
GENE_341,0.25925925925925924,0.25191259796203874,0.06768994997543606,0.5021520803443329
GENE_342,0.35802469135802467,0.38193753564298616,0.11753279996188254,0.7628732073591687
GENE_343,0.2716049382716049,0.2655395821822938,0.07168954619183798,0.5585955312357501
GENE_344,0.30864197530864196,0.3456060439840108,0.08205068017538965,0.7254901960784315
GENE_345,0.19753086419753085,0.19399444902768526,0.03681432666701214,0.7506127450980392
GENE_346,0.2962962962962963,0.28669615603099213,0.08718570901596066,0.6601133361145877
GENE_347,0.32716049382716045,0.3245164186828905,0.10176497220296812,0.5926463473633286
GENE_348,0.32098765432098764,0.320172651639121,0.09902978061055696,0.7064590542099193
GENE_349,0.3333333333333333,0.3378689910973413,0.10652694951477781,0.6462298406434551
GENE_350,0.23456790123456792,0.24738888893075878,0.05106665062374596,0.4612584720943854
GENE_351,0.2716049382716049,0.28981036959523354,0.06543217536122942,0.888674708784148
GENE_352,0.32098765432098764,0.3538795527861383,0.0920763905622593,0.6611732174015911
GENE_353,0.30864197530864196,0.3503464197785816,0.07764282813303526,1.0
GENE_354,0.3148148148148148,0.33565096128906463,0.09157634831151257,0.7064590542099193
GENE_355,0.29012345679012347,0.2988553911301497,0.08089505223798116,0.6888139159456568
GENE_356,0.21604938271604937,0.22673228516543528,0.04144767902609004,0.6862745098039216
GENE_357,0.2839506172839506,0.28024223640689666,0.07724094409541683,0.5685800890404471
GENE_358,0.29012345679012347,0.2853128055334248,0.08680539698572264,0.4888356822840144
GENE_359,0.3333333333333333,0.3432155645542342,0.10926855204947021,0.6965854126416465
GENE_360,0.32716049382716045,0.3073699339759994,0.11172161325388828,0.5752155724408776
GENE_361,0.2222222222222222,0.2427806245564921,0.04600208315473918,0.533769063180828
GENE_362,0.2962962962962963,0.3247062738932605,0.08053795906121064,0.5749374217772215
GENE_363,0.3024691358024691,0.33461922553239193,0.08171398856760115,0.6025326797385621
GENE_364,0.3148148148148148,0.3180803833397044,0.09951989469502626,0.6499423298731257
GENE_365,0.25925925925925924,0.26950649348113265,0.06406167431051385,0.6974334449226846
GENE_366,0.32098765432098764,0.3513886884039284,0.08757096256042465,0.8242022299115725
GENE_367,0.2839506172839506,0.3009370217419821,0.07479198476693347,0.6498058160462253
GENE_368,0.25925925925925924,0.2576247691384684,0.06495136783621501,0.5718954248366013
GENE_369,0.29012345679012347,0.3131127879600674,0.07671355625490589,0.7776931309063866
GENE_370,0.2716049382716049,0.2777710913240885,0.074497025658502,0.6855490610620569
GENE_371,0.2962962962962963,0.3011726397519709,0.08227623262773384,0.5323494646085385
GENE_372,0.30864197530864196,0.3251593968458192,0.08785927009788358,0.6666666666666666
GENE_373,0.27777777777777773,0.29736472023238164,0.06958354251259515,0.7278669043374926
GENE_374,0.345679012345679,0.36283430050060644,0.11597799883478455,0.6472816399286987
GENE_375,0.23456790123456792,0.24296651106028536,0.04910005131210242,0.8200150615011297
GENE_376,0.29012345679012347,0.31295042857123556,0.07492179054675263,0.7221436215559305
GENE_377,0.32716049382716045,0.3413203065106501,0.10107389053464004,0.7408079342041606
GENE_378,0.25925925925925924,0.29916685754488404,0.05605575251728093,0.9624581539933046
GENE_379,0.2839506172839506,0.30156729820078465,0.07660496925425311,0.7310315430520035
GENE_380,0.3024691358024691,0.33280190328118875,0.08189871890113237,0.7046568627450981
GENE_381,0.2716049382716049,0.2905602365599896,0.06631659540199332,0.6982444140446876
GENE_382,0.3024691358024691,0.3112093587252215,0.08706242773537898,0.5923202614379085
GENE_383,0.37037037037037035,0.3927313817145135,0.12693190398989684,0.6853051955245375
GENE_384,0.25925925925925924,0.2793284528843902,0.06257724667420253,0.6834847760242309
GENE_385,0.8888888888888888,0.8662508280544423,0.7953169777354537,0.5925583131465484
GENE_386,0.36419753086419754,0.3631361204353861,0.13364461450129195,0.6738405473235466
GENE_387,0.35802469135802467,0.36849739450012725,0.12119171152554084,0.6756876979466924
GENE_388,0.32098765432098764,0.33776265702442254,0.0958740272734567,0.7517448910182474
GENE_389,0.839506172839506,0.7978731506849466,0.7352363701481338,0.5494681532743816
GENE_390,0.21604938271604937,0.21543729528349068,0.04529858934448829,0.6055363321799309
GENE_391,0.32098765432098764,0.3516697626906068,0.09315164264540579,0.588715878508266
GENE_392,0.2716049382716049,0.2871074426750916,0.06888990602761186,0.5332048252704887
GENE_393,0.2222222222222222,0.24210932298164334,0.04361535499702766,0.9722222222222223
GENE_394,0.2530864197530864,0.27108696323130044,0.0577574716578482,0.6444285031085605
GENE_395,0.2962962962962963,0.32973028192213727,0.07695314940815273,0.8198181754971492
GENE_396,0.32716049382716045,0.3372982261251175,0.10403232701033699,0.749523321665386
GENE_397,0.27777777777777773,0.29219919301534514,0.07431875049961977,0.5701624083977025
GENE_398,0.24074074074074073,0.25976571042170193,0.05077025345018492,0.7941705697123653
GENE_399,0.27777777777777773,0.2926498279446409,0.07023452137788935,0.691473559120618
GENE_400,0.21604938271604937,0.2458023255908467,0.041584019403123666,0.726643598615917
GENE_401,0.3333333333333333,0.3231421346324943,0.11215474512244189,0.6210520546443594
GENE_402,0.27777777777777773,0.28322746661241877,0.07073035742965424,0.7399980194097842
GENE_403,0.2654320987654321,0.2739365893730069,0.06570457344575883,0.7314941480468157
GENE_404,0.27777777777777773,0.29240186193738144,0.06958828283648189,0.7763913646266587
GENE_405,0.2839506172839506,0.30517176897006026,0.074457152987358,0.6614094913327649
GENE_406,0.2037037037037037,0.22164611231458284,0.03366453131984333,0.8188502673796791
GENE_407,0.37037037037037035,0.40206003936608997,0.1279555121406763,0.5903123961448987
GENE_408,0.3148148148148148,0.3359709312890814,0.09522957982082966,0.6499423298731257
GENE_409,0.3148148148148148,0.3249427445871321,0.09633253740514186,0.6122645136485967
GENE_410,0.3333333333333333,0.3674847649295938,0.098353324807427,0.7133706033077102
GENE_411,0.32098765432098764,0.32499502532513197,0.09833116289603148,0.5524872090616035
GENE_412,0.32716049382716045,0.3564885791016745,0.09588949695301512,0.6798002219755828
GENE_413,0.2530864197530864,0.26673376948089406,0.05666316365227134,0.7762434241989479
GENE_414,0.36419753086419754,0.38056832271062435,0.12696323576714844,0.6106679960119642
GENE_415,0.2839506172839506,0.3128717689937631,0.06927563842258233,0.7078241924789239
GENE_416,0.32716049382716045,0.36842774064267214,0.09268073938763464,0.7059463843592589
GENE_417,0.32716049382716045,0.3338124868438392,0.10020020892666535,0.6362232846694555
GENE_418,0.2530864197530864,0.25948187359085245,0.060569075498676773,0.7323051171688187
GENE_419,0.32098765432098764,0.3135460145322805,0.10239502773614931,0.47097270280661285
GENE_420,0.29012345679012347,0.297575817837264,0.07928427514647844,0.6777040140755655
GENE_421,0.2037037037037037,0.23254703964786635,0.03742533504080292,0.7733585858585859
GENE_422,0.2654320987654321,0.2960815754295632,0.0584204293740301,0.8112935096519228
GENE_423,0.2530864197530864,0.26162317366163423,0.06025426914896952,0.6444285031085605
GENE_424,0.2716049382716049,0.28954553752138523,0.0686067709092775,0.7617211789578411
GENE_425,0.32098765432098764,0.35438994020560166,0.092516780836573,0.7336305562949161
GENE_426,0.2962962962962963,0.30377666430172295,0.08423004279294094,0.7452892504519538
GENE_427,0.2530864197530864,0.28110896663403473,0.05822403686749843,0.9959349593495935
GENE_428,0.30864197530864196,0.3083497572119619,0.09029170361774352,0.6568627450980392
GENE_429,0.29012345679012347,0.30915174909856324,0.07812601740891148,0.6221545047251092
GENE_430,0.2654320987654321,0.2741633416968926,0.06727457774982111,0.6782945736434108
GENE_431,0.32716049382716045,0.3432038963009095,0.0974044106320558,0.6187925097470047
GENE_432,0.2716049382716049,0.2860631286025475,0.06736283741276826,0.7109397670273183
GENE_433,0.24074074074074073,0.2522495383055271,0.05668615876815486,0.5672646926516896
GENE_434,0.2530864197530864,0.259465533022862,0.056065980898716776,0.7176590148254424
GENE_435,0.7716049382716049,0.7416927573044463,0.6155629031442912,0.517583807716635
GENE_436,0.3024691358024691,0.333993942629194,0.08357985788646802,0.8476307189542484
GENE_437,0.29012345679012347,0.3062370798708402,0.07694485754675313,0.7888030327764778
GENE_438,0.3024691358024691,0.30811293218780994,0.0914598748940852,0.6638071895424836
GENE_439,0.2839506172839506,0.3021347487978175,0.07455240206964668,0.6614094913327649
GENE_440,0.32098765432098764,0.34739688077325986,0.09471885951900876,0.6702303847632568
GENE_441,0.2654320987654321,0.28237988991277674,0.06492292722408263,0.5319957440340478
GENE_442,0.32098765432098764,0.3412120347808007,0.09748168818722942,0.7336305562949161
GENE_443,0.3333333333333333,0.34599896113193823,0.10626558205462493,0.6881928173086146
GENE_444,0.3333333333333333,0.3521703305614357,0.10321053935273461,0.6462298406434551
GENE_445,0.30864197530864196,0.34044643439038286,0.08481909823914102,0.7352941176470588
GENE_446,0.2530864197530864,0.2565101586846099,0.06267934475709376,0.6590746054519369
GENE_447,0.2839506172839506,0.3229141520632896,0.06972523798731273,0.6382021407596855
GENE_448,0.3024691358024691,0.3378276475316587,0.08063677251584442,0.6944444444444444
GENE_449,0.3518518518518518,0.3540801359067396,0.1185453333591784,0.6019951840385277
GENE_450,0.3024691358024691,0.30898161460050505,0.08755872319469662,0.5923202614379085
GENE_451,0.3333333333333333,0.33728702231088403,0.10476304453088929,0.7049780079746784
GENE_452,0.22839506172839505,0.24929703536571005,0.04687229272954826,0.8475387151857741
GENE_453,0.3024691358024691,0.3121513855664341,0.08657986850853487,0.6740196078431373
GENE_454,0.2962962962962963,0.3140081867496874,0.07872678902570024,0.5749374217772215
GENE_455,0.36419753086419754,0.3643654271675583,0.13143582374561902,0.6036488236440105
GENE_456,0.3395061728395062,0.33358938826695445,0.11353040260635905,0.6227305737109659
GENE_457,0.22839506172839505,0.22895844097586776,0.049207691403176566,0.7573750220809043
GENE_458,0.25925925925925924,0.2720709663330229,0.06442933704681741,0.585844093735055
GENE_459,0.29012345679012347,0.31306778331485036,0.0696416512031353,0.7221436215559305
GENE_460,0.2530864197530864,0.26064242325333675,0.06298824556312177,0.7469512195121951
GENE_461,0.9382716049382717,0.9199104360516527,0.8835417313592407,0.5494202735119841
GENE_462,0.35802469135802467,0.36299948542706373,0.1210071556733155,0.5957676476519222
GENE_463,0.32098765432098764,0.33081964099833433,0.09588716691686307,0.7064590542099193
GENE_464,0.25925925925925924,0.27431133621595594,0.05895873646435741,0.6974334449226846
GENE_465,0.37037037037037035,0.35889860952077396,0.14157010561493114,0.5699567962778331
GENE_466,0.25925925925925924,0.2813081545740838,0.05875507749928179,0.7532281205164992
GENE_467,0.2654320987654321,0.2725563215739289,0.06428139646592998,0.7447940416476668
GENE_468,0.2530864197530864,0.2644158434509302,0.06101900617281758,0.7469512195121951
GENE_469,0.345679012345679,0.3879806578250868,0.10354349105763618,0.7954545454545454
GENE_470,0.32716049382716045,0.3382825985470766,0.09950533506680279,0.7320925467429352
GENE_471,0.3333333333333333,0.3709293929821668,0.09750854351945638,0.7637261753059015
GENE_472,0.2654320987654321,0.2837519988433257,0.06749307822493056,0.8112935096519228
GENE_473,0.2716049382716049,0.2742125605128081,0.07407087786740132,0.5839862372010115
GENE_474,0.24691358024691357,0.24665991215263205,0.05564446011748355,0.6928733031674209
GENE_475,0.24074074074074073,0.25172407452828083,0.05668229041056035,0.6645100685348364
GENE_476,0.29012345679012347,0.30297428346550775,0.07683544136548703,0.6777040140755655
GENE_477,0.2839506172839506,0.28800108114387923,0.07836336038574937,0.6498058160462253
GENE_478,0.24074074074074073,0.2632696266286724,0.053901203290992926,0.632094943240454
GENE_479,0.24691358024691357,0.25126128508342604,0.055072440199293436,0.6466817496229261
GENE_480,0.3024691358024691,0.324660687691099,0.0794599475601587,0.7659313725490197
GENE_481,0.3024691358024691,0.3186802710599896,0.08893189171636037,0.633169934640523
GENE_482,0.27777777777777773,0.30307093174863997,0.07189064868333113,0.7763913646266587
GENE_483,0.2962962962962963,0.3071829761613335,0.08139265462967132,0.6175253789459045
GENE_484,0.29012345679012347,0.29998352271964734,0.0832935505152802,0.6332644065952004
GENE_485,0.3148148148148148,0.31425998527814536,0.09943993817729263,0.5557477893118031
GENE_486,0.29012345679012347,0.32232896137309663,0.07468080694261711,0.699923817815748
GENE_487,0.3148148148148148,0.34913134821600683,0.09039037258225195,0.772395232602845
GENE_488,0.25925925925925924,0.2651476998710233,0.06294838890378489,0.7950741272118603
GENE_489,0.27777777777777773,0.2906176640540691,0.07006252741211468,0.7399980194097842
GENE_490,0.25925925925925924,0.2809950132433219,0.05926842394599259,0.6276901004304161
GENE_491,0.2654320987654321,0.25271319151201294,0.07438645354401169,0.5053959568323454
GENE_492,0.2716049382716049,0.2833003402666054,0.07221223898102874,0.5332048252704887
GENE_493,0.38888888888888884,0.4189331341217589,0.14490295449676172,0.7256307540937522
GENE_494,0.22839506172839505,0.22474039377176674,0.05050653349956234,0.41475298828240004
GENE_495,0.2037037037037037,0.21627632535586427,0.03691727579381719,0.6823752228163993
GENE_496,0.30864197530864196,0.31668604580211024,0.09298491155552756,0.6176470588235294
GENE_497,0.23456790123456792,0.23861527223052997,0.04963579218834572,0.6833458845842747
GENE_498,0.35802469135802467,0.36588910763647375,0.12418992932883208,0.5158475973571521
GENE_499,0.32716049382716045,0.3499809515166567,0.08979312695049743,0.7408079342041606
GENE_500,0.27777777777777773,0.29273295661489607,0.06782298664974266,0.6550802139037433
GENE_501,0.24691358024691357,0.26369112772376213,0.05259330380668435,0.6774761186525893
GENE_502,0.35802469135802467,0.3738830955627985,0.11869271453393686,0.5885021885342159
GENE_503,0.29012345679012347,0.3029461291540842,0.07955213753419256,0.49994558415410567
GENE_504,0.2530864197530864,0.2744530712164799,0.05668363136136422,0.7762434241989479
GENE_505,0.3333333333333333,0.3462623300579069,0.10462493985152087,0.7049780079746784
GENE_506,0.29012345679012347,0.3030381543710332,0.07606374013144065,0.7443634252961129
GENE_507,0.30864197530864196,0.3078844219917785,0.08836785936647165,0.5980392156862745
GENE_508,0.30864197530864196,0.32407756099855617,0.08867458569291213,0.5980392156862745
GENE_509,0.3024691358024691,0.318688201595176,0.08457731655703578,0.633169934640523
GENE_510,0.32716049382716045,0.34275701395096514,0.09843918958442123,0.6623694470531318
GENE_511,0.2222222222222222,0.2456047857782053,0.043727525090043025,0.724400871459695
GENE_512,0.24074074074074073,0.2380182584613875,0.05406696150332079,0.5348495673573073
GENE_513,0.3024691358024691,0.3110785509273449,0.08919290942812336,0.5718954248366013
GENE_514,0.29012345679012347,0.2913224761847404,0.07979001256449735,0.5777148972447443
GENE_515,0.3395061728395062,0.3776593791030462,0.09995534349602059,0.7683039545784643
GENE_516,0.27777777777777773,0.2886112041629278,0.07209825711645014,0.6429490988314518
GENE_517,0.27777777777777773,0.29137491201984567,0.07204154516152723,0.691473559120618
GENE_518,0.32716049382716045,0.35475163685540156,0.10054364400008232,0.6885156094368081
GENE_519,0.3395061728395062,0.3775787364812917,0.10246534807545507,0.7116920842411039
GENE_520,0.2716049382716049,0.28269718756724643,0.06895541775839166,0.6220722961489035
GENE_521,0.35802469135802467,0.3805724206418155,0.11802604720054856,0.7192804526529305
GENE_522,0.3395061728395062,0.3329363750716487,0.11374010210133105,0.6146431636627715
GENE_523,0.29012345679012347,0.33179066918904293,0.07181894269985746,0.8554624439970252
GENE_524,0.27777777777777773,0.2868934994817589,0.06930129220005425,0.7885224796989504
GENE_525,0.2654320987654321,0.2739123368538682,0.064328368360666,0.6782945736434108
GENE_526,0.32716049382716045,0.33048882518984385,0.10323436262707353,0.6710848345143573
GENE_527,0.2839506172839506,0.3131748990242824,0.07185858417528121,0.7542388936250829
GENE_528,0.2530864197530864,0.2639429700218852,0.0574998862985352,0.8934122429459589
GENE_529,0.24074074074074073,0.2677685271027825,0.0520246347716566,0.7617554444179832
GENE_530,0.25925925925925924,0.2744511527422901,0.06106123640678204,0.6974334449226846
GENE_531,0.32716049382716045,0.3442407309608309,0.09716036015105091,0.7146617718204844
GENE_532,0.36419753086419754,0.39718532046597865,0.1156127142811668,0.7299939262671754
GENE_533,0.2654320987654321,0.2731583168733121,0.06807920813285416,0.6516947864417084
GENE_534,0.3148148148148148,0.32254715847307186,0.09248895897511612,0.5557477893118031
GENE_535,0.30864197530864196,0.32792307783341906,0.08800878675791483,0.7254901960784315
GENE_536,0.25925925925925924,0.2713703186247546,0.06034864972135755,0.6276901004304161
GENE_537,0.32716049382716045,0.3454013132858447,0.09663009083517216,0.7233771592817098
GENE_538,0.24691358024691357,0.2895611258895812,0.053500774058135456,0.9700226244343892
GENE_539,0.2222222222222222,0.23631726629205546,0.04810446431709141,0.590958605664488
GENE_540,0.2962962962962963,0.2883812000734082,0.08565769010767957,0.6068783896537338
GENE_541,0.29012345679012347,0.2954830155277357,0.0813463094008627,0.7888030327764778
GENE_542,0.29012345679012347,0.31058456434239545,0.07629866785240846,0.8332426402568427
GENE_543,0.30864197530864196,0.3359664502506999,0.0858013600276582,0.803921568627451
GENE_544,0.30864197530864196,0.3354680826300696,0.08005092971987283,0.7156862745098039
GENE_545,0.3395061728395062,0.34422301162448404,0.11153974247680194,0.5742061134217997
GENE_546,0.29012345679012347,0.2981509264674183,0.08120969088272278,0.5554950935045618
GENE_547,0.2962962962962963,0.31930583703665755,0.07704127776600217,0.7133482825754416
GENE_548,0.32098765432098764,0.34153148713438974,0.09408257921939799,0.6430588826782598
GENE_549,0.2716049382716049,0.2936526403580852,0.06317526046409987,0.7744165319404717
GENE_550,0.3333333333333333,0.3330837955545174,0.11331467387948305,0.5706964826461682
GENE_551,0.25925925925925924,0.2571174805864307,0.062134255085969585,0.4742547425474255
GENE_552,0.30864197530864196,0.317832626462989,0.09059065576328247,0.5882352941176471
GENE_553,0.3024691358024691,0.3079140044606787,0.08781198412846343,0.7455065359477124
GENE_554,0.2839506172839506,0.29842645533038836,0.07484927401677356,0.7658425689116226
GENE_555,0.25925925925925924,0.25874638588968435,0.06225481605101898,0.6695361071257772
GENE_556,0.37037037037037035,0.3887486600946222,0.12518124271557807,0.6038827960562757
GENE_557,0.3024691358024691,0.30519718694915365,0.08413238309533924,0.6025326797385621
GENE_558,0.3148148148148148,0.3193518596081551,0.09501458213347827,0.7252979623221838
GENE_559,0.29012345679012347,0.302406721364246,0.07630754611204327,0.5777148972447443
GENE_560,0.24074074074074073,0.2375470549040612,0.05463609881960222,0.6807176311820274
GENE_561,0.7530864197530863,0.7229164831833106,0.5938073292154029,0.5515951130486065
GENE_562,0.32716049382716045,0.3591354883428022,0.09639013160118703,0.5229232476735252
GENE_563,0.29012345679012347,0.29983594150925624,0.07980904185832571,0.888792149607299
GENE_564,0.24074074074074073,0.24886948188663868,0.05582387369098444,0.5834722552988807
GENE_565,0.2716049382716049,0.2822440963965393,0.07006389947358611,0.723635120009949
GENE_566,0.30864197530864196,0.3163464490956604,0.08880506277044553,0.6372549019607843
GENE_567,0.2530864197530864,0.28637965783954117,0.05439421448663088,0.6590746054519369
GENE_568,0.25925925925925924,0.250760785041386,0.0676689660577752,0.725330782719592
GENE_569,0.345679012345679,0.37495434547702106,0.10588431654526537,0.7174688057040998
GENE_570,0.27777777777777773,0.3015261733950331,0.06730557683030816,0.6793424440483264
GENE_571,0.3333333333333333,0.3655872068826669,0.09597710261825537,0.7721187706389334
GENE_572,0.30864197530864196,0.32168212203567165,0.08822313303728302,0.5882352941176471
GENE_573,0.25925925925925924,0.28018566378836685,0.06110267009135195,0.6555874382273235
GENE_574,0.23456790123456792,0.23740029335888024,0.05039131108143327,0.6150112961258472
GENE_575,0.2962962962962963,0.30997077880338103,0.07920892657247532,0.7985241969128076
GENE_576,0.3395061728395062,0.3610981923294558,0.10632625110218201,0.7197794942892982
GENE_577,0.30864197530864196,0.3042367627120388,0.09609973350138977,0.5294117647058824
GENE_578,0.3333333333333333,0.3360477574121052,0.1078557744652909,0.5455186966470725
GENE_579,0.3395061728395062,0.35660755512740183,0.10806521512083311,0.7116920842411039
GENE_580,0.37037037037037035,0.40805160857769257,0.12472603560056263,0.9092167940622577
GENE_581,0.30864197530864196,0.33822340579654137,0.08284160117733524,0.9019607843137255
GENE_582,0.2716049382716049,0.26327266040940017,0.07517916380707597,0.6728537080794263
GENE_583,0.3024691358024691,0.30165762223015813,0.08723779172697624,0.5616830065359477
GENE_584,0.2839506172839506,0.30605013214409243,0.07803878269858881,0.6033911149000662
GENE_585,0.2962962962962963,0.2974092671688393,0.08228173766405726,0.6281723682380753
GENE_586,0.29012345679012347,0.313179993957715,0.07547021431722489,0.8665723458671165
GENE_587,0.2839506172839506,0.3009986266666616,0.07295220604364436,0.6614094913327649
GENE_588,0.2530864197530864,0.2595567194051543,0.05872019161802693,0.8055356288857006
GENE_589,0.2716049382716049,0.28293795742007183,0.06589817576742606,0.6855490610620569
GENE_590,0.24074074074074073,0.2333906102069726,0.056545500064889884,0.7779630070651743
GENE_591,0.32716049382716045,0.34565613823520924,0.10288718455074597,0.6798002219755828
GENE_592,0.24691358024691357,0.26378367510154827,0.05631353279470187,0.538901458019105
GENE_593,0.3148148148148148,0.32399067790223074,0.09389379312966227,0.6499423298731257
GENE_594,0.24074074074074073,0.2653033451300907,0.05100883726474437,0.8590008203011299
GENE_595,0.2839506172839506,0.29705213562441557,0.07199021325691199,0.6730131666193048
GENE_596,0.3395061728395062,0.34155511806350436,0.11429858796473764,0.6550802139037433
GENE_597,0.32098765432098764,0.33618886350266636,0.09952576576540083,0.5615443764232692
GENE_598,0.2839506172839506,0.28390390993682146,0.07529805787164634,0.6614094913327649
GENE_599,0.25925925925925924,0.2704820903862261,0.05921524235769551,0.6555874382273235
GENE_600,0.25925925925925924,0.283049256780594,0.06058335603605444,0.725330782719592
GENE_601,0.3024691358024691,0.3234819761975996,0.08392479167513342,0.7250816993464052
GENE_602,0.29012345679012347,0.285952823463226,0.08349251127809632,0.6332644065952004
GENE_603,0.3395061728395062,0.3452003228631892,0.11065560157835393,0.5984683435663828
GENE_604,0.37037037037037035,0.39092157155782126,0.1275775474939806,0.7463719951257339
GENE_605,0.27777777777777773,0.2715483479235908,0.07847685805465576,0.7036046741929095
GENE_606,0.4012345679012346,0.4309739352988651,0.14400924005834775,0.7390648567119156
GENE_607,0.2530864197530864,0.26594349877344486,0.057627279621639216,0.864120038259206
GENE_608,0.2839506172839506,0.29389460016449703,0.07216768148208967,0.6382021407596855
GENE_609,0.22839506172839505,0.2271993465997582,0.0467679738245285,0.7032768062179827
GENE_610,0.2839506172839506,0.29133260071068595,0.07355346983749733,0.6962205171923842
GENE_611,0.41358024691358025,0.4211059343449792,0.1678032958884313,0.6137982103741543
GENE_612,0.25925925925925924,0.250862499034871,0.06722889251733283,0.5718954248366013
GENE_613,0.24691358024691357,0.2574770554974767,0.056299077125221704,0.7236676721970839
GENE_614,0.2716049382716049,0.29732658078217894,0.06763770009639582,0.7490258259752104
GENE_615,0.2839506172839506,0.28630118657002873,0.07803258521002224,0.8586719712039406
GENE_616,0.24074074074074073,0.2669939510270691,0.053310604929697955,0.7293403191236009
GENE_617,0.2654320987654321,0.2752588306208449,0.06803550409148679,0.5984952120383037
GENE_618,0.22839506172839505,0.2292613706530058,0.049202616325011946,0.5950803744921392
GENE_619,0.27777777777777773,0.2846616717753566,0.07337954665246546,0.7399980194097842
GENE_620,0.32098765432098764,0.3351200723606392,0.09495790344980018,0.6883447194865879
GENE_621,0.3024691358024691,0.2940675176344515,0.08779911961948363,0.7659313725490197
GENE_622,0.3148148148148148,0.31972566497264493,0.0946164000479017,0.5934256055363322
GENE_623,0.3333333333333333,0.3438328382363447,0.10859671366595741,0.6714076266425508
GENE_624,0.345679012345679,0.36440157135616624,0.11114558844716253,0.6394830659536541
GENE_625,0.38271604938271603,0.4304641859469263,0.12616702883345304,0.7811770927302703
GENE_626,0.3333333333333333,0.3401456929984865,0.10609397207120373,0.6881928173086146
GENE_627,0.8703703703703703,0.8517981984881744,0.7663179918182703,0.5974481991378111
GENE_628,0.30864197530864196,0.3271780498878486,0.08343469883436958,0.6862745098039216
GENE_629,0.27777777777777773,0.29283845591976476,0.0681649523483735,0.6065557536145771
GENE_630,0.2654320987654321,0.3094522526093607,0.05675864108782255,0.8378932968536251
GENE_631,0.2716049382716049,0.3337217668530103,0.06119030309761183,0.9521514736973012
GENE_632,0.3024691358024691,0.31983487603756544,0.09007517797629107,0.7455065359477124
GENE_633,0.27777777777777773,0.2988279239458164,0.07135739315109421,0.6065557536145771
GENE_634,0.2839506172839506,0.32521054387143106,0.07048326452191857,0.7658425689116226
GENE_635,0.3395061728395062,0.3510318296384147,0.10948710738835224,0.6308179837591602
GENE_636,0.3024691358024691,0.30152670772513723,0.0877720519225701,0.5310457516339869
GENE_637,0.2654320987654321,0.27542245944004906,0.06502307302643318,0.6117951056391548
GENE_638,0.29012345679012347,0.305172574098714,0.07934515864807265,0.7554733271662042
GENE_639,0.2530864197530864,0.25962509155918273,0.060533842227704866,0.6444285031085605
GENE_640,0.2716049382716049,0.30165649671885364,0.06329040186376095,0.723635120009949
GENE_641,0.23456790123456792,0.2634767254383799,0.048748741090889565,0.5637603547820266
GENE_642,0.3024691358024691,0.30338258058809525,0.08995732278787952,0.5514705882352942
GENE_643,0.3518518518518518,0.3625060494178879,0.1204324951173961,0.7223942208462332
GENE_644,0.2654320987654321,0.29919822402080465,0.05929116752848388,0.7181942544459645
GENE_645,0.2654320987654321,0.29635479785646074,0.0628398633649666,0.7181942544459645
GENE_646,0.3395061728395062,0.357559192399999,0.10491012212729688,0.6793424440483264
GENE_647,0.2839506172839506,0.32806272031710254,0.06928865649276139,0.7426352183385432
GENE_648,0.24691358024691357,0.261508050188572,0.05612186467108887,0.7236676721970839
GENE_649,0.4074074074074074,0.41109192375626785,0.16225948640371377,0.8006535947712419
GENE_650,0.345679012345679,0.3629419092532158,0.11272816293440815,0.7096702317290553
GENE_651,0.32716049382716045,0.3397713096748658,0.10174198449893995,0.6013617348245539
GENE_652,0.3024691358024691,0.3073840665066917,0.08772864650222789,0.5208333333333334
GENE_653,0.27777777777777773,0.310403090903592,0.06664240209915802,0.8249158249158249
GENE_654,0.3024691358024691,0.3263518733685054,0.08222391194740145,0.7761437908496732
GENE_655,0.3024691358024691,0.3189545098712811,0.08268616199338377,0.6638071895424836
GENE_656,0.3148148148148148,0.34160525709915385,0.091517680400721,0.6782006920415226
GENE_657,0.3024691358024691,0.3221639102735908,0.07915588773987471,0.8374183006535947
GENE_658,0.3518518518518518,0.3753623585468039,0.11331143863945985,0.6546697626418988
GENE_659,0.27777777777777773,0.3024548051201678,0.06944821112833315,0.7521291344820756
GENE_660,0.2530864197530864,0.24744197793249656,0.06600557485452042,0.6297824007651841
GENE_661,0.2839506172839506,0.3112022659541637,0.07288120629294521,0.7310315430520035
GENE_662,0.2530864197530864,0.25507268937686384,0.060193592059875345,0.6883668101386896
GENE_663,0.32098765432098764,0.34311364672686945,0.09182105371642589,0.7064590542099193
GENE_664,0.2654320987654321,0.2742696604878507,0.06482401677267617,0.89109287125703
GENE_665,0.32098765432098764,0.323051249055719,0.09903783733924419,0.5977730458699316
GENE_666,0.3518518518518518,0.39164697926257386,0.107544052962513,0.8051685586515307
GENE_667,0.3024691358024691,0.3327224352858133,0.08178916072137883,0.7250816993464052
GENE_668,0.3395061728395062,0.3272985902487344,0.115968686150822,0.46906978279527295
GENE_669,0.8888888888888888,0.8687629019717885,0.791335922501203,0.5703956990721697
GENE_670,0.3395061728395062,0.39241512378357896,0.1007861723792395,0.7683039545784643
GENE_671,0.32716049382716045,0.33781449908666994,0.10267244687601398,0.6710848345143573
GENE_672,0.3395061728395062,0.36213592666033934,0.10385340780278467,0.8977025153495741
GENE_673,0.29012345679012347,0.2873151973298509,0.08048354057695578,0.9332317570876639
GENE_674,0.27777777777777773,0.28552829517477046,0.07863626913225229,0.5701624083977025
GENE_675,0.2654320987654321,0.2875809659551648,0.06250900118207844,0.7979936160510717
GENE_676,0.24691358024691357,0.27237651742353475,0.050010724894948365,0.8006535947712419
GENE_677,0.27777777777777773,0.2918348353941824,0.07175369503271771,0.6186868686868687
GENE_678,0.37654320987654316,0.42254537223485195,0.12618646260684394,0.7744026572377585
GENE_679,0.3518518518518518,0.3790516151628516,0.1140124686668508,0.6245700034399725
GENE_680,0.3518518518518518,0.3584832246663064,0.12054948950731038,0.6697196422428621
GENE_681,0.27777777777777773,0.28558018886911596,0.07285027735772993,0.6308179837591602
GENE_682,0.2716049382716049,0.27544371871485107,0.06395842855582116,0.7363304729925797
GENE_683,0.38271604938271603,0.380210357709839,0.1451609755505433,0.6096991943260647
GENE_684,0.3395061728395062,0.3356367456378268,0.10831313055966436,0.6550802139037433
GENE_685,0.2530864197530864,0.2601201347309308,0.05605911430837311,0.6590746054519369
GENE_686,0.30864197530864196,0.3320213838991926,0.08389858347056078,0.7745098039215685
GENE_687,0.38271604938271603,0.4032579962533078,0.1335753637526716,0.6795605603425929
GENE_688,0.22839506172839505,0.25088466557461997,0.049948723944615865,0.5049166813872696
GENE_689,0.3024691358024691,0.31603845913287754,0.08297305941076845,0.7148692810457516
GENE_690,0.3518518518518518,0.35487956039684654,0.12007799286343551,0.5493206054351565
GENE_691,0.37037037037037035,0.37344105514159015,0.13122256064725446,0.7124459953472915
GENE_692,0.29012345679012347,0.3013230117297539,0.08464584626618758,0.49994558415410567
GENE_693,0.37037037037037035,0.3941365293201088,0.12136318815698369,0.7260163952586685
GENE_694,0.32098765432098764,0.32938088002845295,0.10137769327599241,0.7064590542099193
GENE_695,0.24691358024691357,0.24600206153157142,0.05807810416910658,0.6466817496229261
GENE_696,0.30864197530864196,0.3134763957587541,0.09090817029170399,0.6862745098039216
GENE_697,0.30864197530864196,0.3369626061577021,0.08351500171652518,0.7941176470588236
GENE_698,0.3148148148148148,0.3417186079557059,0.09441102695686608,0.5369088811995387
GENE_699,0.30864197530864196,0.32672884551807047,0.09229510280060399,0.6176470588235294
GENE_700,0.23456790123456792,0.269640570577745,0.04425538657242066,0.8541823557303434
GENE_701,0.3395061728395062,0.36632819101281544,0.10260994531474023,0.6793424440483264
GENE_702,0.18518518518518517,0.21139015060729488,0.030206517712482884,0.8558710840658103
GENE_703,0.3148148148148148,0.33636831051468485,0.09751798965559524,0.6687812379853902
GENE_704,0.21604938271604937,0.2378480286947409,0.04115663231774629,0.7871972318339101
GENE_705,0.27777777777777773,0.29558534553353766,0.06847607496727824,0.7521291344820756
GENE_706,0.24691358024691357,0.27099909931962907,0.05584484034928982,0.8160507792860734
GENE_707,0.8703703703703703,0.8427732724273073,0.7872963313174428,0.5609442358503686
GENE_708,0.2716049382716049,0.26926570038992176,0.07126361743609742,0.7998072379057332
GENE_709,0.21604938271604937,0.21344860745557803,0.04506633607378391,0.5651672433679354
GENE_710,0.32098765432098764,0.32169009223590006,0.10092196461983359,0.6521160500399255
GENE_711,0.345679012345679,0.3797944155089173,0.10885395672085313,0.7096702317290553
GENE_712,0.32098765432098764,0.3304642486557228,0.09897442451903049,0.6792875521249224
GENE_713,0.32098765432098764,0.3340312486601186,0.09421644225496559,0.7517448910182474
GENE_714,0.25925925925925924,0.26748062694071717,0.06174213026249163,0.7392794516180456
GENE_715,0.2098765432098765,0.2270266939630174,0.040191814106440404,0.7064590542099193
GENE_716,0.32716049382716045,0.33877688150126617,0.09938208579472217,0.7233771592817098
GENE_717,0.2098765432098765,0.21840427919870933,0.03817848868278348,0.6422355038271993
GENE_718,0.2839506172839506,0.29230354125058017,0.07803139626008054,0.5801837643269868
GENE_719,0.2716049382716049,0.28164794930370934,0.06766676463440544,0.7363304729925797
GENE_720,0.2530864197530864,0.26413851304713826,0.05976469573184247,0.8348278335724535
GENE_721,0.25925925925925924,0.2692050168441319,0.06332590288691081,0.6834847760242309
GENE_722,0.345679012345679,0.35070894309750317,0.11871013453147852,0.6472816399286987
GENE_723,0.24691358024691357,0.26961573728998045,0.05163786759706518,0.8468451483157365
GENE_724,0.32098765432098764,0.3408412325918352,0.09555096726823577,0.6883447194865879
GENE_725,0.38271604938271603,0.403624479738372,0.13499578294690853,0.6414543606972138
GENE_726,0.3024691358024691,0.34776734262507436,0.07722841925776709,0.7250816993464052
GENE_727,0.3148148148148148,0.33017586547356037,0.09448390058207856,0.6687812379853902
GENE_728,0.25925925925925924,0.27978278571541576,0.058920656615319346,0.809022796110314
GENE_729,0.3148148148148148,0.3353806605376312,0.0920097558461281,0.6122645136485967
GENE_730,0.25925925925925924,0.257433461588119,0.06580253228627911,0.5300494181412402
GENE_731,0.2962962962962963,0.3108590887891938,0.08329807704849101,0.6068783896537338
GENE_732,0.27777777777777773,0.31011139876838073,0.06660786901011823,0.8855714002772826
GENE_733,0.27777777777777773,0.31307424112408083,0.06716762516674583,0.7763913646266587
GENE_734,0.27777777777777773,0.2849889059092634,0.07308894404494302,0.5701624083977025
GENE_735,0.32098765432098764,0.3156846221689074,0.10126892157235307,0.5253157069766066
GENE_736,0.29012345679012347,0.3056025883410695,0.07582581147185037,0.7332535234260217
GENE_737,0.32098765432098764,0.34633158354095256,0.09107971096519013,0.6974018868482537
GENE_738,0.27777777777777773,0.2914430014943301,0.07537551510325724,0.7763913646266587
GENE_739,0.24691358024691357,0.2565480300370718,0.05537036384527776,0.7852564102564104
GENE_740,0.3024691358024691,0.3059996054229382,0.08747767863638066,0.6535947712418301
GENE_741,0.29012345679012347,0.30005771370158435,0.08050645384035586,0.5332752897643793
GENE_742,0.30864197530864196,0.32417385479561023,0.09119136028183669,0.696078431372549
GENE_743,0.29012345679012347,0.29838870730204303,0.07620473404875894,0.7110337196858392
GENE_744,0.27777777777777773,0.31348628369709675,0.07283628096873818,0.7278669043374926
GENE_745,0.32716049382716045,0.36791446630655017,0.09142674040539975,0.8802541335837673
GENE_746,0.8271604938271605,0.7959453515616863,0.7063643204473428,0.5498821681068342
GENE_747,0.29012345679012347,0.29866443864102526,0.07981726330943854,0.6777040140755655
GENE_748,0.2962962962962963,0.30045231993778965,0.08154273495969863,0.6601133361145877
GENE_749,0.27777777777777773,0.27229848924925887,0.07520919430955988,0.6186868686868687
GENE_750,0.24691358024691357,0.246502038445101,0.057215551136677575,0.6312845651080945
GENE_751,0.29012345679012347,0.3221908230410779,0.07575065558659985,0.7110337196858392
GENE_752,0.2839506172839506,0.29461850031731784,0.08019995867110749,0.5801837643269868
GENE_753,0.2839506172839506,0.3037050722035613,0.07451249508833034,0.7426352183385432
GENE_754,0.345679012345679,0.37276748675069704,0.1079747722281536,0.6940730837789661
GENE_755,0.2716049382716049,0.28776083107760503,0.0668385139492938,0.7744165319404717
GENE_756,0.32716049382716045,0.3418174534607726,0.10112713075168087,0.6798002219755828
GENE_757,0.2839506172839506,0.2918443702605231,0.0757952581025699,0.6730131666193048
GENE_758,0.2654320987654321,0.2863037470094908,0.06077112260341797,0.7181942544459645
GENE_759,0.2098765432098765,0.22601464986700096,0.03989127732983013,0.6636433539547727
GENE_760,0.37037037037037035,0.3959029976490136,0.12295048875711567,0.8006535947712419
GENE_761,0.29012345679012347,0.3039075890574566,0.079756283239535,0.7554733271662042
GENE_762,0.27777777777777773,0.2797937525275959,0.07548828711812432,0.5701624083977025
GENE_763,0.3024691358024691,0.3264091372644618,0.08331391180345343,0.7046568627450981
GENE_764,0.24691358024691357,0.27945002083709436,0.05497321678665596,0.7544620412267471
GENE_765,0.3148148148148148,0.31489624241281833,0.09924319727925962,0.6499423298731257
GENE_766,0.37037037037037035,0.3805471266653061,0.1322796670866596,0.6853051955245375
GENE_767,0.345679012345679,0.3533471494166188,0.11773677317975825,0.7642602495543671
GENE_768,0.2530864197530864,0.25430883798207243,0.06262854003763821,0.7615973218555715
GENE_769,0.2962962962962963,0.32570495115752607,0.08156705999722005,0.8091711862049784
GENE_770,0.3333333333333333,0.32204599120689814,0.11248602153459168,0.6546224359764871
GENE_771,0.25925925925925924,0.2745257049536986,0.06083421417043318,0.6974334449226846
GENE_772,0.30864197530864196,0.33893031477747554,0.08488717229318,0.9117647058823529
GENE_773,0.25925925925925924,0.26592395175976863,0.06287563464154185,0.7811254583134067
GENE_774,0.27777777777777773,0.3135929248167805,0.07058122974529923,0.6550802139037433
GENE_775,0.2962962962962963,0.3207556584141119,0.07877090597276049,0.7239952718676123
GENE_776,0.35802469135802467,0.35240129564567513,0.12624088672681977,0.5013166791217395
GENE_777,0.345679012345679,0.3679992364795341,0.11448907402741372,0.6628787878787878
GENE_778,0.3024691358024691,0.3168668196991982,0.08581616639661097,0.5514705882352942
GENE_779,0.3024691358024691,0.3174263300572571,0.08201396454269172,0.7965686274509804
GENE_780,0.3518518518518518,0.363205596303931,0.11678533389114405,0.6546697626418988
GENE_781,0.27777777777777773,0.29553528989737726,0.06982986734588571,0.8006535947712419
GENE_782,0.3395061728395062,0.34069980388031046,0.10852050241942482,0.7197794942892982
GENE_783,0.24074074074074073,0.25363563512421966,0.05324711735430038,0.7293403191236009
GENE_784,0.25925925925925924,0.24433820159913702,0.07199708368533554,0.5021520803443329
GENE_785,0.37654320987654316,0.3916802471446443,0.12921621535763053,0.7612771884710168
GENE_786,0.2654320987654321,0.3067849961158132,0.05746902560690369,0.7979936160510717
GENE_787,0.29012345679012347,0.2936251180042473,0.08128304944919494,0.6777040140755655
GENE_788,0.3518518518518518,0.35109228237162177,0.1246008379894988,0.632094943240454
GENE_789,0.30864197530864196,0.32019332595694455,0.09288737461495385,0.7254901960784315
GENE_790,0.30864197530864196,0.34231743258789266,0.08357953028875037,0.7352941176470588
GENE_791,0.29012345679012347,0.3025851628958623,0.07871749080024995,0.6888139159456568
GENE_792,0.37037037037037035,0.3979567571397411,0.12544736368986184,0.7531571950814223
GENE_793,0.3024691358024691,0.30651432345528457,0.0891451892524352,0.4595588235294118
GENE_794,0.27777777777777773,0.27802567078507534,0.07138691473205308,0.6308179837591602
GENE_795,0.3395061728395062,0.3461451276697727,0.11480466792352334,0.6389053938073546
GENE_796,0.21604938271604937,0.2384429425284478,0.043889818180542675,0.8275663206459055
GENE_797,0.32716049382716045,0.3402279355064887,0.09840362291317954,0.6100771222857794
GENE_798,0.8271604938271605,0.8476651492416083,0.6526441413274957,0.6577022010689586
GENE_799,0.32716049382716045,0.3315735957116719,0.09942207916768914,0.6885156094368081
GENE_800,0.2839506172839506,0.2917776907739278,0.07615736399524099,0.6382021407596855
GENE_801,0.38888888888888884,0.42679939056937616,0.1335173578743486,0.6579872092206058
GENE_802,0.25925925925925924,0.2847626304393275,0.0611695543234552,0.6555874382273235
GENE_803,0.3333333333333333,0.3656450952702678,0.09415187843619718,0.8896151053013798
GENE_804,0.25925925925925924,0.2566278127629906,0.0657064325530658,0.7392794516180456
GENE_805,0.37654320987654316,0.4099741988957695,0.13124975723285162,0.7678399228543876
GENE_806,0.2962962962962963,0.3127988850471153,0.08288848538074504,0.7878772076206368
GENE_807,0.37037037037037035,0.3816355054108102,0.1267684439164,0.5970975961005872
GENE_808,0.35802469135802467,0.3634740547276622,0.12077828977589536,0.748342289123756
GENE_809,0.3333333333333333,0.3348873218149539,0.10592547214054936,0.6294446499773914
GENE_810,0.2962962962962963,0.29861322997842726,0.08545494056939987,0.7133482825754416
GENE_811,0.2962962962962963,0.30441247972118357,0.08310423679815748,0.7452892504519538
GENE_812,0.32098765432098764,0.33677672022415744,0.09510731505366166,0.6974018868482537
GENE_813,0.29012345679012347,0.3034805961163655,0.07733597812733041,0.8665723458671165
GENE_814,0.2962962962962963,0.2973512392063215,0.0858631000321805,0.5217024753163677
GENE_815,0.27777777777777773,0.28351300503619836,0.07571247355482552,0.5095068330362449
GENE_816,0.3333333333333333,0.3419283920804414,0.10898953037076115,0.5790890779792001
GENE_817,0.2716049382716049,0.3183120432502056,0.05963321252607726,0.9521514736973012
GENE_818,0.27777777777777773,0.30577196421266734,0.06830526696684598,0.7157357892652011
GENE_819,0.24691358024691357,0.25573191265867407,0.06127208630847241,0.5235042735042735
GENE_820,0.3395061728395062,0.34865930937635725,0.10885185238123204,0.6227305737109659
GENE_821,0.32716049382716045,0.3783169480941003,0.09275949756978998,0.8628233586613165
GENE_822,0.30864197530864196,0.32641124015935896,0.08669679100213495,0.7058823529411764
GENE_823,0.25925925925925924,0.2661538602628069,0.0653451578363181,0.6276901004304161
GENE_824,0.2037037037037037,0.2116616642967127,0.040727119183500755,0.7051210635769459
GENE_825,0.29012345679012347,0.28740710046510237,0.08154757581408226,0.5110554860241969
GENE_826,0.2654320987654321,0.2930889282938648,0.06060835612110544,0.7846937224502203
GENE_827,0.2716049382716049,0.2950643001214441,0.0699104073229389,0.7363304729925797
GENE_828,0.32098765432098764,0.3550296537411683,0.09252708502113856,0.8242022299115725
GENE_829,0.24691358024691357,0.27247550587183256,0.05382699947626129,0.8930367018602313
GENE_830,0.24691358024691357,0.26199154556937393,0.05734173885529208,0.43112116641528403
GENE_831,0.3148148148148148,0.3245208731507223,0.09176887712316434,0.7158785082660515
GENE_832,0.37654320987654316,0.3855975612761686,0.13579899707015644,0.6300225008036001
GENE_833,0.27777777777777773,0.29242810444570666,0.07093909466926049,0.691473559120618
GENE_834,0.4012345679012346,0.4221062900104355,0.1514834653031872,0.5485246983408748
GENE_835,0.32716049382716045,0.3559534604579721,0.09491397364009412,0.7756694840490623
GENE_836,0.24691358024691357,0.25107546462257574,0.05697629798681329,0.6466817496229261
GENE_837,0.3395061728395062,0.3278488308894602,0.11681388226083254,0.5418564732290223
GENE_838,0.3148148148148148,0.326612511795938,0.0918122571875357,0.7252979623221838
GENE_839,0.345679012345679,0.34948343715388974,0.11165291965208744,0.7564616755793225
GENE_840,0.37654320987654316,0.40043004929573145,0.12445833234416101,0.7612771884710168
GENE_841,0.32716049382716045,0.340152269547455,0.09983231048857581,0.7320925467429352
GENE_842,0.37654320987654316,0.38503175124824307,0.13517251625545357,0.8137790635379835
GENE_843,0.2530864197530864,0.2611131039645948,0.06233987486072078,0.5272596843615495
GENE_844,0.2654320987654321,0.3036245848526685,0.0594140107898652,0.7979936160510717
GENE_845,0.32098765432098764,0.34197049520294054,0.09675746717326594,0.7064590542099193
GENE_846,0.25925925925925924,0.2642692135533951,0.06359827623446958,0.543998087039694
GENE_847,0.345679012345679,0.3693934554329548,0.11270816963361983,0.6082887700534759
GENE_848,0.32716049382716045,0.33427148242218263,0.09910204334577706,0.6100771222857794
GENE_849,0.29012345679012347,0.30361495328710375,0.07705468956453836,0.7221436215559305
GENE_850,0.2962962962962963,0.32724699490632136,0.08000761960714697,0.7665832290362953
GENE_851,0.29012345679012347,0.3016153796022446,0.08042355019666071,0.699923817815748
GENE_852,0.2716049382716049,0.2863294562036639,0.06668372621187757,0.6728537080794263
GENE_853,0.29012345679012347,0.29710409109265323,0.07881164194963781,0.566604995374653
GENE_854,0.2962962962962963,0.29225251475381736,0.08462297281552979,0.6281723682380753
GENE_855,0.32098765432098764,0.36485540249419546,0.08948655043103657,0.8513737319965694
GENE_856,0.2654320987654321,0.2759531540585615,0.06940899277919842,0.5319957440340478
GENE_857,0.2716049382716049,0.28088339274378216,0.06886027560414762,0.7998072379057332
GENE_858,0.37654320987654316,0.39673053143542836,0.12597180308060577,0.7022125790206792
GENE_859,0.32716049382716045,0.338116094225747,0.09990978109701486,0.6536540595919064
GENE_860,0.23456790123456792,0.23782950480348738,0.051178970377384524,0.5808440018966334
GENE_861,0.3518518518518518,0.3640996786910257,0.11571549956217933,0.6998194014447884
GENE_862,0.30864197530864196,0.2980372576402851,0.09528779650278153,0.6274509803921569
GENE_863,0.37654320987654316,0.38340723724257814,0.13992707462857257,0.5643951569698918
GENE_864,0.32098765432098764,0.33246743720992755,0.09794293364407013,0.5253157069766066
GENE_865,0.35802469135802467,0.3678755528026239,0.11534120267400617,0.5885021885342159
GENE_866,0.32098765432098764,0.3027391151901278,0.106253270415523,0.5434300416999379
GENE_867,0.36419753086419754,0.3638589275365217,0.13324594194279274,0.5825913065401497
GENE_868,0.2962962962962963,0.330166481665006,0.07341168297966402,0.9049940898345153
GENE_869,0.2654320987654321,0.27877703699525974,0.06562511494511968,0.7846937224502203
GENE_870,0.2716049382716049,0.2810342085337526,0.07114156211516304,0.6601583550967955
GENE_871,0.3395061728395062,0.3703057797193228,0.10231594578178876,0.6146431636627715
GENE_872,0.3395061728395062,0.36232954361205394,0.10920222174394391,0.7521291344820756
GENE_873,0.3024691358024691,0.3025810654803437,0.08758118312186923,0.6433823529411764
GENE_874,0.2962962962962963,0.3033809990582528,0.08620621048206756,0.5749374217772215
GENE_875,0.2222222222222222,0.22856490767241977,0.04518642138579498,0.8197167755991285
GENE_876,0.30864197530864196,0.3274617930055239,0.09092098482463488,0.6764705882352942
GENE_877,0.25925925925925924,0.254384496073076,0.06428849326617679,0.725330782719592
GENE_878,0.2839506172839506,0.3000926330096411,0.07872535604104867,0.6614094913327649
GENE_879,0.2530864197530864,0.2725125935959928,0.05750580367261977,0.7762434241989479
GENE_880,0.24691358024691357,0.2595375243386096,0.0536116657101546,0.7236676721970839
GENE_881,0.2716049382716049,0.3079974915700356,0.06549920315479912,0.7617211789578411
GENE_882,0.2839506172839506,0.3075392738505711,0.07217543715243382,0.6382021407596855
GENE_883,0.29012345679012347,0.3221146864394884,0.07620325041416769,0.7110337196858392
GENE_884,0.3024691358024691,0.30288141429169396,0.08895533818464671,0.7148692810457516
GENE_885,0.21604938271604937,0.22233800900428197,0.04181511596087596,0.8275663206459055
GENE_886,0.2530864197530864,0.2570777787301192,0.06422364806178485,0.7469512195121951
GENE_887,0.22839506172839505,0.24976503188004734,0.04544825986408172,0.5950803744921392
GENE_888,0.3333333333333333,0.34396063387769116,0.10343249132380078,0.6798002219755828
GENE_889,0.30864197530864196,0.3393029684120558,0.08304386418577822,0.8725490196078431
GENE_890,0.29012345679012347,0.291584112734387,0.08342631808783978,0.5443851916344706
GENE_891,0.3024691358024691,0.29416558500729273,0.0949072843367764,0.5616830065359477
GENE_892,0.29012345679012347,0.30612180117029686,0.07383140002315033,0.9332317570876639
GENE_893,0.19753086419753085,0.21623696047795177,0.035167318488888676,0.7021861163820367
GENE_894,0.32716049382716045,0.32987814805574933,0.1069181731494345,0.6362232846694555
GENE_895,0.2530864197530864,0.2787222352619701,0.05696696373758317,0.8494739359158296
GENE_896,0.25925925925925924,0.28846636563246775,0.060458660025138417,0.8648174717041289
GENE_897,0.2654320987654321,0.2680380442648637,0.06793938844273652,0.6649946800425597
GENE_898,0.32098765432098764,0.33923365012452095,0.09482363527371597,0.6883447194865879
GENE_899,0.345679012345679,0.366754551162289,0.10940122611771673,0.7408645276292335
GENE_900,0.37037037037037035,0.41375475227999814,0.12167256798761542,0.705660795391603
GENE_901,0.2716049382716049,0.2801450478635419,0.06717670279347758,0.5839862372010115
GENE_902,0.2962962962962963,0.32350644803152473,0.07618249274463858,0.7772302183284661
GENE_903,0.2839506172839506,0.2877919796187639,0.07875554449700203,0.6730131666193048
GENE_904,0.7777777777777777,0.7384149738539122,0.6325685451972232,0.5047930283224401
GENE_905,0.29012345679012347,0.2993488334258202,0.08114206229313507,0.5888247991148355
GENE_906,0.2716049382716049,0.280881381054132,0.07033874209682332,0.5966815901836422
GENE_907,0.3518518518518518,0.3493744493071009,0.12061213001511832,0.5493206054351565
GENE_908,0.32716049382716045,0.33554629872071107,0.1017061727650424,0.5752155724408776
GENE_909,0.2654320987654321,0.2856732638893552,0.0661534297872621,0.6915944672442621
GENE_910,0.27777777777777773,0.29177689655696215,0.07069591142358826,0.7157357892652011
GENE_911,0.2654320987654321,0.2818386024638987,0.0650012144847064,0.6782945736434108
GENE_912,0.35802469135802467,0.39650807299435603,0.11245973383242085,0.632094943240454
GENE_913,0.27777777777777773,0.27935163259018586,0.07626008813805055,0.6308179837591602
GENE_914,0.3024691358024691,0.3168219992843725,0.08402934531300357,0.6638071895424836
GENE_915,0.29012345679012347,0.2950746288500068,0.07631046470824007,0.7110337196858392
GENE_916,0.2098765432098765,0.22555094427181743,0.037307752617571445,0.5994198035720527
GENE_917,0.29012345679012347,0.29512620298803705,0.08140861233862415,0.6888139159456568
GENE_918,0.32716049382716045,0.33678521476266254,0.09853668923941285,0.7059463843592589
GENE_919,0.32098765432098764,0.3412482134222156,0.09348485340908119,0.5615443764232692
GENE_920,0.24691358024691357,0.2515855682294617,0.05849198597460973,0.615887380593263
GENE_921,0.37037037037037035,0.3806452793676186,0.1351143372506916,0.5496011964107677
GENE_922,0.8580246913580246,0.8370698074000995,0.7525982467701036,0.5472092913904171
GENE_923,0.3333333333333333,0.36437623344579756,0.09860921402052916,0.7049780079746784
GENE_924,0.2716049382716049,0.28063054992257064,0.06701755249055033,0.6220722961489035
GENE_925,0.3024691358024691,0.298794399902508,0.08869611224818687,0.4493464052287582
GENE_926,0.3024691358024691,0.3193645455750545,0.08549453957969518,0.6535947712418301
GENE_927,0.3024691358024691,0.3096152149232476,0.08139291860968675,0.6638071895424836
GENE_928,0.30864197530864196,0.34115007499897304,0.07943661210548683,0.9019607843137255
GENE_929,0.18518518518518517,0.1973808705212647,0.03215810525046014,0.690218616182105
GENE_930,0.419753086419753,0.4431656274023079,0.160596866744082,0.7433636316686464
GENE_931,0.32716049382716045,0.32039822507923865,0.1032771395913143,0.6100771222857794
GENE_932,0.2962962962962963,0.3266560236981924,0.0774006954150525,0.7027012932832708
GENE_933,0.32098765432098764,0.32027210927624916,0.10099536862357092,0.6430588826782598
GENE_934,0.3148148148148148,0.3087617547843225,0.10020535876645631,0.5557477893118031
GENE_935,0.3333333333333333,0.34124273855702597,0.10639906567210072,0.6462298406434551
GENE_936,0.30864197530864196,0.324475032359763,0.08671131482918067,0.6274509803921569
GENE_937,0.2222222222222222,0.2133997292972725,0.04848982026807022,0.5528322440087147
GENE_938,0.24691358024691357,0.25483861278060777,0.06228624539341214,0.7390648567119156
GENE_939,0.30864197530864196,0.30107483834234505,0.09693447083402335,0.5098039215686275
GENE_940,0.30864197530864196,0.31692990511151115,0.09060212024091421,0.6568627450980392
GENE_941,0.3024691358024691,0.3304234754976348,0.08491054780215085,0.6740196078431373
GENE_942,0.3395061728395062,0.3412647165150024,0.10942872821488465,0.7359543143856869
GENE_943,0.3395061728395062,0.3434176647644949,0.11313847532426136,0.533769063180828
GENE_944,0.24691358024691357,0.2514012327993415,0.05752898560815128,0.5850930115635998
GENE_945,0.2962962962962963,0.2958618808238261,0.08290136658742048,0.6920543039911
GENE_946,0.32098765432098764,0.33515161627667883,0.09566591570014445,0.7245733889332505
GENE_947,0.3395061728395062,0.3698563954054631,0.10219752952372282,0.7197794942892982
GENE_948,0.25925925925925924,0.26641957376199715,0.06287038231777048,0.6276901004304161
GENE_949,0.3395061728395062,0.3596847868601864,0.10340822897539258,0.76021654453027
GENE_950,0.3333333333333333,0.36119308493864005,0.10154314710322479,0.7889039613049972
GENE_951,0.2530864197530864,0.25197511130755557,0.061189645183024076,0.7030129124820661
GENE_952,0.2654320987654321,0.2748181879046752,0.0652833241420132,0.7181942544459645
GENE_953,0.3333333333333333,0.3286485745928004,0.10421121061510775,0.7385483893068059
GENE_954,0.3395061728395062,0.3949346014078658,0.09978354329737564,0.6793424440483264
GENE_955,0.3148148148148148,0.33429282575441693,0.0918086500545716,0.8006535947712419
GENE_956,0.27777777777777773,0.29240727888304596,0.0678997973577274,0.6186868686868687
GENE_957,0.2530864197530864,0.2603759451469569,0.06019386690258903,0.6444285031085605
GENE_958,0.2654320987654321,0.29102920924885267,0.06393309119551445,0.6782945736434108
GENE_959,0.32098765432098764,0.33331405546382553,0.09340097221676529,0.6340017153165942
GENE_960,0.27777777777777773,0.28526755187968245,0.07174930779714399,0.6186868686868687
GENE_961,0.24074074074074073,0.24216588239373033,0.056003934608822116,0.615887380593263
GENE_962,0.37037037037037035,0.36681468005263806,0.13747656233774655,0.5156751966323252
GENE_963,0.30864197530864196,0.33219664378941816,0.08428162493221124,0.7058823529411764
GENE_964,0.3148148148148148,0.3222278797644756,0.09838857359108256,0.7535563244905805
GENE_965,0.29012345679012347,0.3227456907644493,0.07581284843113734,0.8332426402568427
GENE_966,0.30864197530864196,0.32068533826008083,0.08512539527642822,0.6274509803921569
GENE_967,0.3333333333333333,0.3679788717035754,0.10281133484143617,0.6714076266425508
GENE_968,0.2962962962962963,0.3296670360066697,0.07774570468783845,0.7133482825754416
GENE_969,0.30864197530864196,0.305008173857792,0.09235060205021393,0.7058823529411764
GENE_970,0.345679012345679,0.3584089730798948,0.11331364921928475,0.7096702317290553
GENE_971,0.3395061728395062,0.3507961490505881,0.10781540321832836,0.7683039545784643
GENE_972,0.2654320987654321,0.27718081381338566,0.06641338925812747,0.7447940416476668
GENE_973,0.24691358024691357,0.24182843713260108,0.060936187739450066,0.47731271995977875
GENE_974,0.3024691358024691,0.32089269314986213,0.08546949025975548,0.5004084967320261
GENE_975,0.2530864197530864,0.26597705155984475,0.060391820748557,0.7323051171688187
GENE_976,0.38888888888888884,0.4137816793361175,0.13607898887834913,0.7748260594560404
GENE_977,0.32716049382716045,0.35920513838204104,0.09997247488163652,0.749523321665386
GENE_978,0.27777777777777773,0.27793454857148586,0.07078686065696584,0.6793424440483264
GENE_979,0.25925925925925924,0.27864211309380543,0.05791412944237187,0.725330782719592
GENE_980,0.2530864197530864,0.26394417759650135,0.05786644067220926,0.6590746054519369
GENE_981,0.27777777777777773,0.2759638624809864,0.0720378117339132,0.7278669043374926
GENE_982,0.3395061728395062,0.348572416613328,0.10808994278185288,0.5984683435663828
GENE_983,0.3148148148148148,0.33342520724309516,0.08947072088060831,0.9042675893886966
GENE_984,0.37654320987654316,0.38524898533628776,0.12968316330754937,0.6890871102539377
GENE_985,0.24074074074074073,0.2621435695865392,0.05198087639680447,0.632094943240454
GENE_986,0.25925925925925924,0.2895303039144795,0.05682950563817191,0.725330782719592
GENE_987,0.2654320987654321,0.28943639265333954,0.06162568911044392,0.758093935248518
GENE_988,0.3024691358024691,0.32366826529522336,0.0836438109815898,0.6944444444444444
GENE_989,0.32098765432098764,0.33894527444375033,0.0936017119748067,0.6974018868482537
GENE_990,0.27777777777777773,0.27302077983303535,0.0764926453779797,0.5459001782531194
GENE_991,0.2962962962962963,0.2917760923836204,0.08762455025223408,0.5642904324850507
GENE_992,0.2037037037037037,0.21283640817562047,0.03522658833230787,0.7506127450980392
GENE_993,0.27777777777777773,0.2842583744386596,0.07698695591205279,0.691473559120618
GENE_994,0.24691358024691357,0.27196662526799253,0.05574827397330017,0.7698592257415786
GENE_995,0.24691358024691357,0.24758602851032868,0.057990240071200475,0.6004901960784315
GENE_996,0.24691358024691357,0.2665687388590245,0.0573061951629304,0.6928733031674209
GENE_997,0.32716049382716045,0.3758434058686194,0.09236716100234688,0.7843848715102878
GENE_998,0.24074074074074073,0.263296553659836,0.0515067713769033,0.7617554444179832
GENE_999,0.22839506172839505,0.23311976497594422,0.049412119412929535,0.5049166813872696
