model,split_type,acc,acc_lower,acc_upper,auc,auc_lower,auc_upper,f1,f1_lower,f1_upper,prec,prec_lower,prec_upper,recall,recall_lower,recall_upper,spec,spec_lower,spec_upper
baseline_logistic_regression,cv_mean,0.755,0.75,0.7649999999999999,0.4513189964157706,0.39283154121863795,0.5098064516129032,0.12380952380952381,0.03333333333333333,0.21428571428571427,0.2333333333333333,0.06666666666666667,0.4,0.08444444444444445,0.02222222222222222,0.16,,,
baseline_lstm,cv_mean,0.6799999999999999,0.625,0.72,0.49483870967741933,0.38917562724014343,0.6237992831541219,0.26852425180598555,0.1332817337461301,0.3762641898864809,0.28055555555555556,0.1331250000000002,0.3888888888888889,0.2577777777777778,0.11111111111111112,0.36,,,
baseline_random_forest,cv_mean,0.77,0.76,0.775,0.4945806451612903,0.4512444444444444,0.543326164874552,0.0,0.0,0.0,0.0,0.0,0.0,0.0,0.0,0.0,,,
baseline_svm,cv_mean,0.77,0.76,0.775,0.4745232974910395,0.4078494623655914,0.542594982078853,0.0,0.0,0.0,0.0,0.0,0.0,0.0,0.0,0.0,,,
breakthrough_enhanced_tagt,test,1.0,1.0,1.0,1.0,1.0,1.0,1.0,1.0,1.0,,,,,,,,,
production_tagt_with_real_data,final,,,,0.5,,,0.0,,,0.0,,,0.0,,,,,
tagt,cv_mean,0.9400000000000001,0.82,1.0,0.8731182795698924,0.6193548387096774,1.0,0.8285714285714285,0.48571428571428565,1.0,0.8400000000000001,0.52,1.0,0.8222222222222222,0.4666666666666667,1.0,0.9741935483870968,0.9225806451612903,1.0
tagt_cv,cv_mean,0.8915438596491227,0.8704210526315789,0.9129122807017543,0.9429969230769231,0.9253046153846153,0.9576676923076922,0.8228476468775966,0.7793765462642257,0.8714572460859091,0.9147219653411603,0.862261268143621,0.9671826625386997,0.7590769230769231,0.6692307692307693,0.8520153846153847,,,
ultimatetagt,final,0.881578947368421,,,0.9715384615384616,,,0.8085106382978723,,,0.9047619047619048,,,0.7307692307692307,,,,,
